entidad,descripcion,titulo,icono,filtro,version_exe,version_zoo,version_cli,formulario,tipo,version,herencia,kontroler,orden,ubicaciondb,usaguid,centraliza,comportamiento,identificador,modulos,formatodescripcion,versionminimaderecepcion,versionminimadeemision
"ACCESOAOBJETO","Acceso a objeto","Acceso a objeto","","",7.00,0,0,F,"E",2,"","",0,"",F,F,"","AO","SUIOPTQDGHJKLMWN","","",""
"AGRUPALISTADOSPERSONALIZADOS","Agrupamiento de listados personalizados","Agrupa listados personalizados","","",7.00,0,0,T,"E",2,"","",0,"ORGANIZACION",F,F,"B","ALP","B","","",""
"AGRUPAMIENTO","Agrupamientos de Bases de Datos","Agrupamientos","","",7.00,0,0,T,"E",2,"","",0,"PUESTO",F,F,"T","AGR","B","","",""
"AGRUPAMIENTODEBUZONES","Agrupamientos de buzones","Agrupamientos de buzones","","",7.00,0,0,T,"E",2,"","",0,"PUESTO",F,F,"T","ABZ","B","","",""
"AGRUPAMIENTOPUBLICACIONES","Agrupamientos para publicaciones","Agrupamientos para publicaciones","","",7.00,0,0,T,"E",2,"","",0,"",T,F,"","APP","B","","",""
"AJUSTECCCLIENTE","Ajuste de cuenta corriente de clientes","Ajuste de cuenta corriente de clientes","","FactTipo = 43",7.00,0,0,T,"E",2,"","",1,"",T,T,"TXD","AJU","B","This.cComprobante + " " + This.Letra + " " + transform( This.PuntoDeVenta, "@LZ 9999" ) + "-" + transform( This.Numero, "@LZ 99999999" )","",""
"AJUSTECCPROVEEDOR","Ajuste de cuenta corriente de proveedores","Ajuste de cuenta corriente de proveedores","","FactTipo = 42",7.00,0,0,T,"E",2,"","",1,"",T,T,"TXD","AJP","B","This.cComprobante + " " + This.Letra + " " + transform( This.PuntoDeVenta, "@LZ 9999" ) + "-" + transform( This.Numero, "@LZ 99999999" )","",""
"AJUSTEDECUPON","Ajuste de cupón","Ajuste de cupón","","",7.00,0,0,F,"E",2,"","",0,"",F,F,"","AJC","B","","",""
"AJUSTEDEESTADOS","Ajuste de situaciones de estado según comprobantes","Ajuste de situaciones de estado según comprobantes","","",7.00,0,0,T,"E",2,"","",0,"",F,F,"","AES","B","This.ObtenerNombre() + " - " + transform( This.Numero, "@LZ 9999999999" )","",""
"AJUSTEDESTOCK","Stock según seguimiento contra stock","Stock según seguimiento contra stock","","",7.00,0,0,T,"E",2,"","",0,"",F,F,"","051","B","This.ObtenerNombre() + " - " + transform( This.Numero, "@LZ 9999999999" )","",""
"ALIVIODECAJA","Alivio de caja","Alivio de caja","","",7.00,0,0,T,"E",2,"","",0,"",F,F,"C","ADC","B","","",""
"APERTURAAUTOMATICAENTIDADES","Apertura automática de entidades","Apertura automática de entidades","","",7.00,0,0,T,"E",2,"","",1,"ORGANIZACION",F,F,"B","AAE","B","","",""
"APERTURAEJERCICIO","Apertura de ejercicio","Apertura de ejercicio","","",7.00,0,0,T,"E",2,"","",1,"",F,F,"BT","ADE","B","","",""
"ARQUEODECAJA","Arqueo de caja","Arqueo de caja","","",7.00,0,0,T,"E",2,"","Comprobante",0,"",F,F,"","ARQ","B","","",""
"ARTICULO","Artículos","Artículos","","",7.00,0,0,T,"E",2,"","",1,"",F,F,"BTD","001","B","this.ObtenerDescripcion() + " " + this.codigo","",""
"ARTICULOINCISODATOSADICIONALESSIPRIB","Articulo inciso datos adicionales SIPRIB","Articulo inciso datos adicionales SIPRIB","","",7.00,0,0,F,"E",2,"","",0,"ORGANIZACION",F,F,"","ADA","","","",""
"ASIENTO","Asientos contables","Asiento","","",7.00,0,0,T,"E",2,"","",1,"",T,F,"BD","ASI","B","","",""
"ASIENTOSPERIODICOS","Asientos periódicos","Asientos periódicos","","",7.00,0,0,T,"E",2,"","",0,"",F,F,"BT","RAS","B","","",""
"ASIENTOTIPO","Asiento tipo","Asiento tipo","","",7.00,0,0,T,"E",2,"","",1,"",F,F,"BT","ATI","B","","",""
"ASIGNARZBD","Asignación de razón social a base de datos","Asignación de razón social a base de datos","","",7.00,0,0,T,"E",2,"","",1,"",F,F,"BT","ARB","B","","",""
"ASOCIACIONARTICULOSOPERACIONESAFIP","AFIP - Asociación de artículos y tipos de operación","AFIP - Asociación de artículos y tipos de operación","","",7.00,0,0,T,"E",2,"","",0,"ORGANIZACION",F,F,"C","AAO","B","","",""
"Accionesautomaticas","Acciones automáticas","Acciones automáticas","","",7.00,0,0,T,"E",2,"","",0,"",F,F,"","AA","B","","",""
"BANCO","Bancos","Bancos","","",7.00,0,0,F,"E",2,"","",1,"",F,F,"BT","015","B","","",""
"BASEDEDATOS","Base de datos","Base de datos","","",7.00,0,0,T,"E",2,"","",0,"PUESTO",F,F,"","052","B","","",""
"BOLSASYCAJAS","Bolsas y cajas","Bolsas y cajas","","",7.00,0,0,T,"E",2,"","",1,"",T,T,"CTXD","BYC","B","This.ObtenerNombre() + " " + transform( This.Numero, "@LZ 99999999" )","",""
"BUZON","Buzón para transferencias","Buzón para transferencias","","",7.00,0,0,T,"E",2,"","",0,"PUESTO",F,F,"T","044","B","","",""
"CAE","CAE","CAE","","",7.00,0,0,F,"E",2,"","",1,"",F,T,"CT","FAE","B","","",""
"CAEA","CAEA","Obtención de CAEA","","",7.00,0,0,T,"E",2,"","",1,"",F,F,"TC","OCA","B","","",""
"CAEAINFORMA","Informar Movimientos CAEA","Información de movimientos CAEA","","",0.00,0,0,T,"E",2,"","",1,"",F,F,"TC","IMC","B","","",""
"CAEPORLOTE","Obtención de CAE por lote","Obtención de CAE por lote","","",7.00,0,0,T,"E",2,"","",1,"",F,T,"CT","OFA","B","","",""
"CAI","Código de autorización de autoimpresión","Código de autorización de autoimpresión","","",7.00,0,0,T,"E",2,"","",0,"",F,F,"T","CAI","B","","",""
"CAJAAUDITORIA","Caja auditoria","Caja auditoria","","",7.00,0,0,F,"E",2,"","",1,"",F,F,"BT","033","B","","",""
"CAJAESTADO","Caja","Caja","","",7.00,0,0,T,"E",2,"","",1,"",F,F,"BTW","034","B","","",""
"CAJASALDOS","Saldos de caja","Saldos de caja","","",7.00,0,0,F,"E",2,"","",1,"",F,F,"BT","035","B","","",""
"CALCULODEPRECIOS","Modificación masiva de precios","Modificación masiva de precios","","",7.00,0,0,T,"E",2,"","",1,"",F,F,"BT","041","B","This.ObtenerNombre() + " - " + transform( This.Codigo, "@LZ 99999999" )","",""
"CANALDEVENTA","Canal de venta","Canal de venta","","",7.00,0,0,T,"E",2,"","",0,"",F,F,"BTW","CV","B","","",""
"CANALDEVENTAENCOMPROBANTE","Canal de ventas","Canal de ventas","","",7.00,0,0,T,"E",2,"","",0,"",F,F,"","CVC","B","","",""
"CANCELACIONDECOMPRA","Cancelación de compra","Cancelación de compra","","FactTipo = 44",7.00,0,0,T,"E",2,"Ent_ComprobanteDeComprasSinValores","ComprobanteDeComprasSinValores",1,"",T,T,"CTXD","CAC","B","This.cComprobante + " " + This.Letra + " " + transform( This.PuntoDeVenta, "@LZ 9999" ) + "-" + transform( This.Numero, "@LZ 99999999" )","",""
"CANCELACIONDESENIAS","Cancelación de seńas","Cancelación de seńas","","",7.00,0,0,T,"E",2,"","",1,"",T,T,"CTXD","CDS","B","This.ObtenerNombre()  + " " + This.Letra + " " + transform( This.PuntoDeVenta, "@LZ 9999" ) + "-" + transform( This.Numero, "@LZ 99999999" )","",""
"CANJEDECUPONES","Canje de valores","Canje de valores","","",7.00,0,0,T,"E",2,"Ent_ComprobanteDeFondos","ComprobanteDeFondos",1,"",T,F,"CXD","CDV","B","transform( This.Numero, "@LZ 99999999" )","",""
"CATEGORIACLIENTE","Categorías de clientes","Categorías de clientes","","",7.00,0,0,T,"E",2,"","",0,"",F,F,"BCD","CGC","B","","",""
"CATEGORIASECOMMERCE","Categorías ecommerce","Categorías ecommerce","","",7.00,0,0,T,"E",2,"","",0,"",F,F,"BC","CTG","B","","",""
"CATEGORIASGOOGLESHOPPING","Categorías de Google Shoping","Categorías de Google Shoping","","",7.00,0,0,T,"E",2,"","",0,"",F,F,"BC","CGS","B","","",""
"CENTRODECOSTO","Centro de costos","Centro de costos","","",7.00,0,0,T,"E",2,"","",1,"",F,F,"BTD","CCO","B","","",""
"CHEQUE","Cheques","Cheques","","",7.00,0,0,T,"E",2,"Ent_CarteraDeCheques","",0,"",F,F,"D","CH","B","","",""
"CHEQUEPROPIO","Cheques propios","Cheques propios","","",7.00,0,0,T,"E",2,"Ent_CarteraDeCheques","",0,"",F,F,"D","CP","B","","",""
"CHEQUERA","Chequera","Chequera","","",7.00,0,0,T,"E",2,"","",1,"",F,F,"BTD","133","B","","",""
"CHEQUESDISPONIBLES","Detalle de cheques disponible","Detalle de cheques","","",7.00,0,0,T,"E",2,"","",0,"",F,F,"","CTD","B","","",""
"CIERREDELOTE","Cierre de lote","Cierre de lote","","",7.00,0,0,T,"E",2,"","",0,"",F,F,"CGTD","057","B","","",""
"CIERREEJERCICIO","Cierre de ejercicio","Cierre de ejercicio","","",7.00,0,0,T,"E",2,"","",1,"",F,F,"BT","CEJ","B","","",""
"CLASEDETARJETA","Clases de tarjetas","Clases de tarjetas","","",7.00,0,0,T,"E",2,"","",1,"",F,F,"BTD","CDT","B","","",""
"CLASIFICACIONARTICULO","Clasificaciones de artículos","Clasificaciones de artículos","","",7.00,0,0,T,"E",2,"","",0,"",F,F,"BCD","205","B","","",""
"CLASIFICACIONCLIENTE","Clasificación","Clasificaciones de clientes","","",7.00,0,0,T,"E",2,"","",0,"",F,F,"BTD","203","B","","",""
"CLASIFICACIONCONCEPTOPAGO","Clasificaciones de conceptos de otros pagos","Clasificaciones de conceptos de otros pagos","","",7.00,0,0,T,"E",2,"","",1,"",F,F,"BTD","CCP","B","","",""
"CLASIFICACIONPRODUCCION","Clasificación de producción","Clasificación de producción","","",7.00,0,0,T,"E",2,"","",1,"",F,F,"","CLP","B","","",""
"CLAVESECRETAREST","Cliente REST","Cliente REST","","",7.00,0,0,T,"E",2,"","",0,"ORGANIZACION",F,F,"B","PKR","B","","",""
"CLIENTE","Clientes","Clientes","","",7.00,0,0,T,"E",2,"","",1,"",F,F,"BT","008","B","","",""
"CODBARRAALTER","Código de barra alternativo","Código de barra alternativo","","",7.00,0,0,T,"E",2,"","",0,"",F,F,"TBD","CAB","B","","",""
"CODIGOAUTORIZACIONDJCP","Código de autorización de DJCP","Código de autorización de DJCP MECON Resolución 404 E/2016","","",7.00,0,0,T,"E",2,"","",1,"",F,F,"BTD","DJC","B","","",""
"CODIGODESERVICIO","Código de servicio","Código de servicio","","",7.00,0,0,T,"E",2,"","",0,"",F,F,"","COS","B","","",""
"COLOR","Colores","Colores","","",7.00,0,0,T,"E",2,"","",1,"",F,F,"BTD","004","B","","",""
"COMISION","Comisiones por venta","Comisiones por ventas","","",7.00,0,0,T,"E",2,"","",0,"",F,F,"","COM","B","","",""
"COMPLETARDATOSREGISTRO","Completar datos de cuentas bancartias","Completar datos de cuentas bancartias","","",7.00,0,0,T,"E",2,"","",0,"",F,F,"","DCB","B","","",""
"COMPLETARDESDEVENTAS","Completa pedido de venta desde registro de ventas","Completar desde ventas","","",7.00,0,0,T,"E",2,"","",0,"",F,F,"","CVE","B","","",""
"COMPORTAMIENTOCODIGOSUGERIDOENTIDAD","Comportamiento de códigos","Comportamiento de códigos","","",7.00,0,0,T,"E",2,"","",1,"ORGANIZACION",F,F,"","CCS","B","","",""
"COMPROBANTEDECAJA","Comprobante de movimientos de caja","Comprobante de movimientos de caja","","",7.00,0,0,T,"E",2,"Ent_ComprobanteDeFondos","ComprobanteDeFondos",1,"",T,T,"CTXD","038","B","This.cComprobante + " " + This.Letra + " " + transform( This.PuntoDeVenta, "@LZ 9999" ) + "-" + transform( This.Numero, "@LZ 99999999" )","",""
"COMPROBANTEDERETENCIONES","Comprobante de retención de ingresos brutos","Comprobante de retención de ingresos brutos","","TipoImp= 'IIBB'",7.00,0,0,T,"E",2,"Ent_ComprobanteDeRetencionesBase","ComprobanteDeRetencionesBase",1,"",T,T,"CTXD","CDR","B","","",""
"COMPROBANTEDERETENCIONESGANANCIAS","Comprobante de retención de ganancias","Comprobante de retención de ganancias","","TipoImp= 'GANANCIAS'",7.00,0,0,T,"E",2,"Ent_ComprobanteDeRetencionesBase","ComprobanteDeRetencionesBase",1,"",T,T,"TXD","CRG","B","","",""
"COMPROBANTEDERETENCIONESIVA","Comprobante de retención de IVA","Comprobante de retención de IVA","","TipoImp= 'IVA'",7.00,0,0,T,"E",2,"Ent_ComprobanteDeRetencionesBase","ComprobanteDeRetencionesBase",1,"",T,T,"TXD","CRI","B","","",""
"COMPROBANTEDERETENCIONESSUSS","Comprobante de retención de seguridad social","Comprobante de retención de SUSS","","TipoImp= 'SUSS'",7.00,0,0,T,"E",2,"Ent_ComprobanteDeRetencionesBase","ComprobanteDeRetencionesBase",1,"",T,T,"TXD","CRS","B","","",""
"COMPROBANTEDERETENCIONRECIBIDO","Comprobante de retención recibido","Comprobante de retención recibido","","",7.00,0,0,T,"E",2,"","",1,"",T,T,"CTXD","CRR","B","transform( This.NumeroInterno, "@LZ 99999999" )","",""
"COMPROBANTEPAGO","Otros pagos","Otros pagos","","",7.00,0,0,T,"E",2,"ENT_COMPROBANTEDECOMPRASCONVALORES","ComprobanteDeComprasConValores",1,"",T,T,"CTXD","COP","B","","",""
"CONCEPTOCAJA","Conceptos","Conceptos","","",7.00,0,0,T,"E",2,"","",1,"",F,F,"BTD","037","B","","",""
"CONCEPTOENTIDADFINANCIERA","Concepto de entidades financieras","Concepto de entidades financieras","","",7.00,0,0,T,"E",2,"","",0,"",F,F,"","CEF","B","","",""
"CONCEPTOLIQUIDACIONTARJETA","Conceptos de liquidación de tarjetas","Conceptos de liquidación de tarjetas","","",7.00,0,0,T,"E",2,"","",0,"",F,F,"BCD","CLT","B","","",""
"CONCEPTOPAGO","Conceptos de otros pagos","Conceptos de otros pagos","","",7.00,0,0,T,"E",2,"","",1,"",F,F,"BTD","CPA","B","","",""
"CONCILIACIONDECAJA","Ajuste de movimientos y saldos de caja según comprobantes","Ajuste de movimientos y saldos de caja según comprobantes","","",7.00,0,0,T,"E",2,"","",0,"",T,F,"","CCJ","B","","",""
"CONCILIACIONES","Conciliaciones","Conciliaciones","","",7.00,0,0,T,"E",2,"","",0,"",F,F,"","COB","B","","",""
"CONDICIONDEPAGOENCOMPROBANTE","Condición de pago","Condición de pago","","",7.00,0,0,T,"E",2,"","",0,"",F,F,"","ECP","B","","",""
"CONDICIONIMPO","Condiciones de exclusión","Condiciones de exclusión","","",7.00,0,0,T,"E",2,"","",0,"ORGANIZACION",F,F,"T","CON","B","","",""
"CONFIGURACIONARTICULOECOMMERCE","Categorías, etiquetas y dimensiones ecommerce","Categorías etiquetas y dimensiones ecommerce","","",7.00,0,0,T,"E",2,"","",0,"",F,F,"BC","CED","B","","",""
"CONFIRMACIONFECHAVTOMIPYME","Confirmar fecha de vencimiento MiPyME","Confirmar fecha de vencimiento MiPyME","","",7.00,0,0,T,"E",2,"","",0,"",F,F,"","CFV","B","","",""
"CONFIRMACIONVALORESENTRANSITO","Confirmar acción para valores en tránsito","Confirmar acción para valores en tránsito","","",7.00,0,0,T,"E",2,"","",0,"",F,F,"","VTC","B","","",""
"CONSUMOPRODUCCION","Consumos de producción","Consumos de producción","","",7.00,0,0,T,"E",2,"","",1,"",F,F,"","CSM","B","","",""
"CONTABILIZACION","Contabilización de asientos tipo","Proceso de contabilización","","",7.00,0,0,T,"E",2,"","",1,"",F,F,"BT","CAT","B","","",""
"CONTACTO","Contactos","Contactos","","",7.00,0,0,T,"E",2,"","",0,"",F,F,"BC","CNT","B","","",""
"CONVENIOMULTILATERAL","Convenio multilateral","Convenio multilateral","","",7.00,0,0,T,"E",2,"","",0,"",F,F,"BT","CML","B","","",""
"CORREDOR","Corredores","Corredores","","",7.00,0,0,F,"E",2,"","",1,"",F,F,"BTD","014","B","","",""
"COSTODEINSUMO","Costos de insumos y semielaborados","Costos de insumos","","",7.00,0,0,F,"E",2,"","",0,"",F,F,"BT","026","B","This.cDescripcionComprobante","",""
"COTIZACION","Carga de nueva cotización","Nueva cotización","","",7.00,0,0,T,"E",2,"ent_virtual","",0,"",F,F,"T","NCZ","B","","",""
"COTIZACIONGESTIONDEORDENDEPRODUCCION","Cotización gestión de orden de producción","Cotización gestión de orden de producción","","",7.00,0,0,T,"E",2,"","",0,"",F,F,"BTD","CGO","B","","",""
"CRITERIOSVALORES","Criterios de aceptacion valores","Criterios de aceptacion valores","","",7.00,0,0,T,"E",2,"","",1,"",F,F,"BTWD","CAV","B","","",""
"CTACTE","Cuenta corriente","Cuenta corriente","","",0.00,0,0,F,"E",2,"","",0,"",F,F,"","053","B","","06.0004.11383",""
"CTACTECOMPRA","Cuenta corriente de compra","Cuenta corriente de compra","","",7.00,0,0,F,"E",2,"","",0,"",F,F,"","130","B","","",""
"CUENTABANCARIA","Cuenta bancaria","Cuenta bancaria","","",7.00,0,0,T,"E",2,"","",1,"",F,F,"BTD","132","B","","",""
"CUENTACORREO","Cuenta de correo","Cuenta de e-mail","","",7.00,0,0,T,"E",2,"","",0,"",F,F,"D","SMT","B","","",""
"CUPON","Cupones","Cupones","","",7.00,0,0,T,"E",2,"","",0,"",F,F,"BCD","CUP","B","","",""
"CUPONESPENDIENTES","Detalle de cupones","Detalle de cupones","","",7.00,0,0,T,"E",2,"","",0,"",F,F,"","CPN","B","","",""
"CURVADEPRODUCCION","Curva de producción","Curvas de producción","","",7.00,0,0,T,"E",2,"EntidadDeProduccion","FormularioDeProduccion",0,"",F,F,"BTD","CVP","B","","",""
"Clienteecommerce","Clientes ecommerce","Clientes ecommerce","","",7.00,0,0,T,"E",2,"","",0,"",F,F,"D","CEC","B","","",""
"CodigoPostal","Código postal","Códigos postales","","",7.00,0,0,F,"E",2,"","",1,"ORGANIZACION",T,F,"","CP8","B","","",""
"Comprobantesecommerce","Herramienta de generación de comprobantes ecommerce","Herramienta de generación de comprobantes ecommerce","","",7.00,0,0,T,"E",2,"","",0,"",F,F,"D","COE","B","","",""
"Condiciondepago","Condiciones de pago","Condiciones de pago","","",7.00,0,0,T,"E",2,"","",0,"",F,F,"BD","CDP","B","","",""
"ConsumoCliente","Consumo de cliente","Consumo de clientes","","",7.00,0,0,T,"E",2,"","",0,"",F,F,"BC","CCL","B","This.ObtenerNombre() + " " + transform( This.Numero, "@LZ 99999999" )","",""
"Conversion","Conversión de datos","Conversiones de datos","","",7.00,0,0,T,"E",2,"","",0,"ORGANIZACION",F,F,"TB","CDE","B","","",""
"ConversionValores","Valores de conversión","Valores de conversión","","",7.00,0,0,T,"E",2,"","",0,"ORGANIZACION",F,F,"TB","VCE","B","","",""
"Cuponeshuerfanos","Cupones huérfanos","Cupones huérfanos","","",7.00,0,0,T,"E",2,"","",0,"",F,F,"","CPH","B","","",""
"DATOSADICIONALESSIRE","AFIP R.G. 4523/19 - SIRE","AFIP RG 4523/19 - SIRE","","",7.00,0,0,T,"E",2,"","",0,"",F,F,"","DSI","B","","",""
"DATOSRETENCIONRECIBIDO","Comprobante de retención recibido","Comprobante de retención recibido","","",7.00,0,0,T,"E",2,"","",1,"",F,F,"","DRR","B","","",""
"DATOSTAREAPROGRAMADAECOMMERCE","Parámetros tarea programada ecommerce","Parámetros tarea programada ecommerce","","",7.00,0,0,T,"E",2,"","",0,"",F,F,"","TPE","B","","",""
"DATOSTARJETA","Datos de cobro con tarjeta","Ingrese los datos para el cobro con tarjeta","","",7.00,0,0,T,"E",2,"","",0,"",F,F,"D","DP2","B","","",""
"DATOSTRANSACCIONBANCARIA","Datos de transacción bancaria","Datos de transacción bancaria","","",7.00,0,0,T,"E",2,"","",0,"",F,F,"","DTB","B","","",""
"DESCUENTO","Descuentos y recargos","Descuentos y recargos","","",7.00,0,0,T,"E",2,"","",1,"",F,F,"TBD","DES","B","this.codigo","",""
"DESPACHODEIMPORTACION","Despacho de importación","Despacho de importación","","",7.00,0,0,T,"E",2,"","",0,"",T,F,"TXD","DDI","B","","",""
"DESTINODESCARGACHEQUES","Destino de descarga de cheques","Destino de descarga de cheques","","",7.00,0,0,T,"E",2,"","",0,"",F,F,"","DDC","B","","",""
"DEUDADECHEQUES","Deuda de cheques","Deuda de cheques","","",7.00,0,0,F,"E",2,"","",0,"",F,F,"","DCH","B","","",""
"DIRECCIONENTREGAENCOMPROBANTE","Establecer domicilio de entrega","Establecer domicilio de entrega","","",7.00,0,0,T,"E",2,"","",0,"",F,F,"","DIE","B","","",""
"DISCOVER","Discover","Discover","","",7.00,0,0,F,"E",2,"","",0,"ORGANIZACION",F,F,"","DSC","","","",""
"DISTRIBUCIONCENTRODECOSTO","Distribución por centro de costos","Distribución por centro de costos","","",7.00,0,0,T,"E",2,"","",0,"",F,F,"BT","DCC","B","","",""
"DOCUMENTOPROPIO","Documentos propios","Documentos propios","","",7.00,0,0,F,"E",2,"","",1,"",F,F,"BT","017","B","","",""
"DatosAdicionalesComprobantesA","AFIP R.G. 4520/19 - Datos adicionales en comprobantes A","AFIP RG 4520/19 - Datos adicionales en comprobantes A","","",7.00,0,0,T,"E",2,"","",0,"",F,F,"","DAA","B","","",""
"DatosAdicionalesSIPRIB","IIBB Santa Fe SIPRIB - Datos adicionales","IIBB Santa Fe SIPRIB - Datos adicionales","","",7.00,0,0,T,"E",2,"","",0,"",F,F,"","DAS","B","","",""
"DatosFiscales","Esquema de datos fiscales","Esquema de datos fiscales","","",7.00,0,0,T,"E",2,"","",0,"",F,F,"TB","DFI","B","","",""
"DescargaDecheques","Descarga de cheques de terceros","Descarga de cheques de terceros","","",7.00,0,0,T,"E",2,"","",0,"",T,T,"TXD","DCT","B","","",""
"Devolucion","Cancelación de venta","Devolución","","FactTipo = 12",7.00,0,0,T,"E",2,"Ent_ComprobanteDeVentasSinValores","ComprobanteDeVentasSinValores",1,"",T,T,"CTXD","048","B","This.cComprobante + " " + This.Letra + " " + transform( This.PuntoDeVenta, "@LZ 9999" ) + "-" + transform( This.Numero, "@LZ 99999999" )","06.0004.11383",""
"DisenoExpo","Diseńo de exportación","Diseńo de exportación","","",7.00,0,0,T,"E",2,"ent_ImpoExpo","",0,"ORGANIZACION",F,F,"TB","EXP","B","","",""
"DisenoImpo","Diseńo de importación","Diseńo de importación","","",7.00,0,0,T,"E",2,"Ent_ImpoExpo","",0,"ORGANIZACION",F,F,"TB","DIM","B","","",""
"Disenoimpresion","Diseńo de salida","Diseńo de salida","","",7.00,0,0,T,"E",2,"","",1,"",F,F,"TB","IMP","B","","",""
"EDICIONIMPUESTOIVACOMPRAS","IVA compras","IVA compras","","",7.00,0,0,T,"E",2,"","",0,"",F,F,"","EIC","B","","",""
"EJERCICIO","Ejercicio","Ejercicio","","",7.00,0,0,T,"E",2,"","",1,"",F,F,"BT","EJR","B","","",""
"EMAIL","Emails","Emails","","",7.00,0,0,T,"E",2,"","",0,"",F,F,"D","MIL","B","","",""
"EMAILENCOMPROBANTE","Email","Email","","",7.00,0,0,T,"E",2,"","",0,"",F,F,"","EMM","B","","",""
"ENTIDADADICIONAL1","Entidad adicional 1","Entidad adicional 1","","",7.00,0,0,T,"E",2,"","",0,"",F,F,"","EA1","B","","",""
"ENTIDADADICIONAL2","Entidad adicional 2","Entidad adicional 2","","",7.00,0,0,T,"E",2,"","",0,"",F,F,"","EA2","B","","",""
"ENTIDADADICIONAL3","Entidad adicional 3","Entidad adicional 3","","",7.00,0,0,T,"E",2,"","",0,"",F,F,"","EA3","B","","",""
"ENTIDADFINANCIERA","Entidad financiera","Entidad financiera","","",0.00,0,0,T,"E",2,"","",1,"",F,F,"BTD","028","B","","",""
"ENTREGADEMERCADERIAS","Entrega de mercaderías","Entrega de mercaderías","","",7.00,0,0,T,"E",2,"","",0,"",F,F,"D","EMC","B","","",""
"EQUIVALENCIA","Equivalencias","Equivalencias","","",7.00,0,0,T,"E",2,"","",1,"",F,F,"TBD","CBA","B","","",""
"ESTADOCONTROLADORFISCAL","Estado de los controladores fiscales","Estado de los controladores fiscales","","",7.00,0,0,F,"E",2,"","",1,"",F,F,"","140","B","transform(this.PuntoDeVenta)+" "+transform(this.Comprobante)+" "+transform(this.TieneError)","",""
"ESTADOSDEINTERACCION","Estados de interacción","Estados de interacción","","",7.00,0,0,T,"E",2,"","",0,"",F,F,"","EDI","B","","",""
"ETIQUETASECOMMERCE","Etiquetas ecommerce","Etiquetas ecommerce","","",7.00,0,0,T,"E",2,"","",0,"",F,F,"BC","ETE","B","","",""
"EXPRESIONLISTADOPERSONALIZADO","Expresión listado personalizado","Expresión listado personalizado","","",7.00,0,0,F,"E",2,"","",0,"ORGANIZACION",F,F,"","ELP","SUIOPTQDGHJKLMWN","","",""
"Ecommerce","Plataformas de ecommerce","Plataformas","","",7.00,0,0,T,"E",2,"","",0,"",F,F,"D","ECO","B","","",""
"EnvioDeMensajeria","Envío de mensajería a eCommerce","Envío de mensajería a eCommerce","","",0.00,0,0,T,"E",2,"","",0,"",T,F,"","EME","B","","",""
"ErroresCFibm4610kc4","Controlador fiscal IBM 4610 KC4","Controlador fiscal IBM 4610 KC4","","",7.00,0,0,F,"E",2,"","",1,"",F,F,"W","KC4","B","","",""
"Estiloimpresion","Estilo de impresión","Estilo de impresión","","",7.00,0,0,T,"E",2,"","",0,"",F,F,"T","ESI","B","","",""
"ExpoAgrupadas","Configuración de exportaciones agrupadas","Configuración de exportaciones agrupadas","","",7.00,0,0,T,"E",2,"ent_impoexpoagrupadas","",0,"ORGANIZACION",F,F,"TB","EXA","B","","",""
"FACTURA","Factura manual de venta","Factura","","FactTipo = 1",7.00,0,0,T,"E",2,"Ent_ComprobanteDeVentasConValores","ComprobanteDeVentasConValores",1,"",T,T,"BTXD","011","B","This.cComprobante +" "+This.Letra + " " + transform(This.PuntoDeVenta,"@LZ 9999") + "-" + transform( This.Numero, "@LZ 99999999" )","06.0004.11383",""
"FACTURAAGRUPADA","Factura","Factura","","FactTipo = 54",7.00,0,0,T,"E",2,"Ent_ComprobanteAgrupado","ComprobanteAgrupado",1,"",T,T,"TXD","FAG","B","This.cComprobante + " " + This.Letra + " " + transform( This.PuntoDeVenta, "@LZ 9999" ) + "-" + transform( This.Numero, "@LZ 99999999" )","06.0004.11383",""
"FACTURADECOMPRA","Factura de compra","Factura de compra","","FactTipo = 8",7.00,0,0,T,"E",2,"ENT_COMPROBANTEDECOMPRASCONVALORES","ComprobanteDeComprasConValores",1,"",T,T,"BTXD","FDC","B","This.cComprobante + " " + This.Letra + " " + transform( This.PuntoDeVentaExtendido, "@LZ 99999" ) + "-" + transform( This.Numero, "@LZ 99999999" )","",""
"FACTURADEEXPORTACION","Factura de exportación de venta","Factura de exportación","","FactTipo = 47",7.00,0,0,T,"E",2,"Ent_ComprobanteExportacion","ComprobanteDeVentasConValores",1,"",T,T,"BTXD","FMX","B","This.cComprobante +" "+This.Letra + " " + transform(This.PuntoDeVenta,"@LZ 9999") + "-" + transform( This.Numero, "@LZ 99999999" )","06.0004.11383",""
"FACTURAELECTRONICA","Factura electrónica de venta","Factura electrónica nacional","","FactTipo = 27",7.00,0,0,T,"E",2,"Ent_ComprobanteElectronicoNacional","ComprobanteElectronico",1,"",T,T,"BTXD","127","B","This.cComprobante +" "+This.Letra + " " + transform(This.PuntoDeVenta,"@LZ 9999") + "-" + transform( This.Numero, "@LZ 99999999" )","06.0004.11383",""
"FACTURAELECTRONICADECREDITO","Factura de crédito electrónica MiPyME de venta","Factura de crédito electrónica MiPyME de venta","","FactTipo = 54",7.00,0,0,T,"E",2,"Ent_ComprobanteElectronicoNacional","ComprobanteElectronico",1,"",T,T,"CTXD","FEM","B","This.cComprobante + " " + This.Letra + " " + transform( This.PuntoDeVenta, "@LZ 9999" ) + "-" + transform( This.Numero, "@LZ 99999999" )","06.0004.11383",""
"FACTURAELECTRONICAEXPORTACION","Factura electrónica exportación de venta","Factura electrónica exportación","","FactTipo = 33",7.00,0,0,T,"E",2,"Ent_ComprobanteElectronicoExportacion","ComprobanteElectronicoExportacion",1,"",T,T,"BTXD","FEE","B","This.cComprobante +" "+This.Letra + " " + transform(This.PuntoDeVenta,"@LZ 9999") + "-" + transform( This.Numero, "@LZ 99999999" )","06.0004.11383",""
"FAVORITOLISTADOS","Listados favoritos","Listados favoritos","","",7.00,0,0,F,"E",2,"","",1,"",F,F,"","FVX","B","","",""
"FECHACANCELACION","Fecha de cancelación del artículo","Fecha de cancelación del artículo","","",7.00,0,0,T,"E",2,"","",0,"",F,F,"D","FEC","B","","",""
"FERIADO","Feriados","Feriados","","",7.00,0,0,T,"E",2,"","",1,"",T,F,"BD","FER","B","","",""
"FILTRARCOMPROBANTESACONTROLAR","Comprobantes a controlar","Comprobantes a controlar","","",7.00,0,0,T,"E",2,"","",0,"",F,F,"","FCC","B","","",""
"FILTRARCOMPROBANTESAINSERTAR","Comprobantes a insertar","Comprobantes a insertar","","",7.00,0,0,T,"E",2,"","",0,"",F,F,"","FCI","B","","",""
"FORMULA","Fórmulas de modificación de precios","Fórmulas de modificación de precios","","",7.00,0,0,T,"E",2,"","",1,"",F,F,"BT","FOR","B","","",""
"FormatoExportacion","Formatos para exportación/importación","Formatos para exportación/importación","","",7.00,0,0,T,"E",2,"","",0,"ORGANIZACION",F,F,"B","FOE","B","","",""
"GENERADORTOKEN","Generador token API Rest","Token API Rest","","",7.00,0,0,T,"E",2,"","",0,"ORGANIZACION",F,F,"","CPT","B","","",""
"GESTIONCHCUSTODIA","Depósito de cheques en custodia","Depósito de cheques en custodia","","",7.00,0,0,T,"E",2,"","",0,"",F,F,"","GCC","B","","",""
"GESTIONVENDEDOR","Asignación de vendedor a base de datos","Asignación de vendedor a base de datos","","",7.00,0,0,T,"E",2,"","",0,"",F,F,"","GDV","B","","",""
"GRUPO","Grupo","Grupos de artículos","","",7.00,0,0,T,"E",2,"","",0,"",F,F,"BCD","GRP","B","","",""
"GRUPOVALOR","Agrupamiento de valores","Grupo de valores","","",7.00,0,0,T,"E",2,"","",1,"",F,F,"BTD","039","B","","",""
"GTIN","Gtin","Códigos RG 2904/10","","",7.00,0,0,T,"E",0,"","",0,"",T,T,"D","GTI","B","","",""
"HERRAMIENTAAGRUPADORADEPACKS","Herramienta Agrupar/Desagrupar Pack","Herramienta Agrupar/Desagrupar Pack","","",0.00,0,0,T,"E",2,"","",0,"",F,F,"","PCK","B","","",""
"HERRAMIENTACONCILIACION","Conciliación bancaria","Conciliación bancaria","","",7.00,0,0,T,"E",2,"","",0,"",F,F,"","HCB","B","","",""
"IMPDIRART","Imputación de articulo a cuenta contable","Imputación de articulo a cuenta contable","","",7.00,0,0,T,"E",2,"ent_ImputacionDirectaBase","",1,"",F,F,"BT","IDA","B","","",""
"IMPDIRCAJ","Imputación de concepto de caja chica a cuenta contable","Imputación de concepto de caja chica a cuenta contable","","",7.00,0,0,T,"E",2,"ent_ImputacionDirectaBase","",1,"",F,F,"BT","IDJ","B","","",""
"IMPDIRCCA","Imputación de artículo a centro de costos en compras","Imputación de artículo a centro de costos en compras","","",7.00,0,0,T,"E",2,"ent_ImputacionDirectaBase","",1,"",F,F,"BT","IDX","B","","",""
"IMPDIRCCC","Imputación de concepto de otros pagos a centro de costos","Imputación de concepto de otros pagos a centro de costos","","",7.00,0,0,T,"E",2,"ent_ImputacionDirectaBase","",1,"",F,F,"BT","IDZ","B","","",""
"IMPDIRCLI","Imputación de cliente a cuenta contable","Imputación de cliente a cuenta contable","","",7.00,0,0,T,"E",2,"ent_ImputacionDirectaBase","",1,"",F,F,"BT","IDC","B","","",""
"IMPDIRCON","Imputación de concepto de otros pagos a cuenta contable","Imputación de concepto de otros pagos a cuenta contable","","",7.00,0,0,T,"E",2,"ent_ImputacionDirectaBase","",1,"",F,F,"BT","IDO","B","","",""
"IMPDIRDES","Imputación de destino de descarga de cheques de terceros","Imputación de destino de descarga de cheques de terceros","","",7.00,0,0,T,"E",2,"ent_ImputacionDirectaBase","",1,"",F,F,"BT","IDD","B","","",""
"IMPDIRIMP","Imputación de impuesto a cuenta contable","Imputación de impuesto a cuenta contable","","",7.00,0,0,T,"E",2,"ent_ImputacionDirectaBase","",1,"",F,F,"BT","IDI","B","","",""
"IMPDIRLIQ","Imputación de concepto de liquidación de tarjetas","Imputación de concepto de liquidación de tarjetas","","",7.00,0,0,T,"E",2,"ent_ImputacionDirectaBase","",1,"",F,F,"BT","IDQ","B","","",""
"IMPDIROPE","Imputación de operadoras de tarjetas","Imputación de operadoras de tarjetas","","",7.00,0,0,T,"E",2,"ent_ImputacionDirectaBase","",1,"",F,F,"BT","IDT","B","","",""
"IMPDIRPRO","Imputación de proveedor a cuenta contable","Imputación de proveedor a cuenta contable","","",7.00,0,0,T,"E",2,"ent_ImputacionDirectaBase","",1,"",F,F,"BT","IDP","B","","",""
"IMPDIRVAL","Imputación de valores a cuenta contable","Imputación de valores a cuenta contable","","",7.00,0,0,T,"E",2,"ent_ImputacionDirectaBase","",1,"",F,F,"BT","IDV","B","","",""
"IMPRIMIRCOMPROBANTEPORLOTE","Imprimir comprobante por lote","Imprimir comprobante por lote","","",7.00,0,0,T,"E",2,"","",1,"",F,T,"T","ICL","B","","",""
"IMPUESTO","Impuestos","Impuestos","","",7.00,0,0,T,"E",2,"","",0,"",F,F,"BT","IMS","B","","",""
"IMPVERCC","Imputación vertical a centro de costos","Imputación vertical a centro de costos","","",7.00,0,0,T,"E",2,"ent_ImputacionDirectaBase","",1,"",F,F,"BT","IVC","B","","",""
"INCOTERMS","Incoterms","Incoterms","","",7.00,0,0,T,"E",2,"","",0,"",F,F,"BT","INT","B","","",""
"INFORMACIONLISTADOS","Informacion adicional de listados","Informacion adicional de listados","","",7.00,0,0,F,"E",2,"","",0,"PUESTO",F,F,"","IAL","B","","",""
"INFORMARCOMPROBANTESTCS","Informar comprobantes - Shopping Tres Cruces Uruguay","Informar comprobantes - Shopping Tres Cruces Uruguay","","",7.00,0,0,T,"E",2,"","",0,"",F,F,"BT","TCS","B","","",""
"INFORMEVENTASLPS","Informe de ventas a Las Piedras Shopping","Informe de ventas a Las Piedras Shopping","","",7.00,0,0,F,"E",2,"","",1,"",F,T,"TC","IVS","JD","","",""
"INFORMEVENTASTCS","Informe de ventas a Tres Cruces Shopping","Informe de ventas a Tres Cruces Shopping","","",7.00,0,0,F,"E",2,"","",1,"",F,T,"TC","IVT","B","","",""
"INGRESOMASIVOGIFTCARD","Ingreso masivo de giftcard","Ingreso masivo de giftcard","","",7.00,0,0,T,"E",2,"","",0,"",F,F,"","IMG","B","","",""
"INSUMO","Insumos","Insumos","","",7.00,0,0,T,"E",2,"EntidadDeProduccion","",0,"",F,F,"BTD","INP","B","this.ObtenerDescripcion() + " " + this.codigo","",""
"INTERACCIONDEORDEN","Interacción de orden","Interacción de orden","","",7.00,0,0,T,"E",2,"","",0,"",F,F,"","INO","B","","",""
"INVENTARIO","Inventario","Inventarios","","",7.00,0,0,T,"E",2,"EntidadDeProduccion","",0,"",F,F,"CTXD","INV","B","","",""
"ITEMACREDITACIONDEPLAN","Item acreditación de plan de cuotas","Item acreditación de plan de cuotas","","",7.00,0,0,F,"I",2,"","",0,"",F,F,"W","I3T","","","",""
"ITEMAGRUPADORDEPACK","Item Agrupar desagrupar pack","Item Agrupar desagrupar pack","","",0.00,0,0,F,"I",2,"AgrupadorDePack","",0,"",F,F,"","","","","",""
"ITEMAGRUPAMIENTO","Item de agrupamientos de bases de datos","Item agrupamientos","","",7.00,0,0,F,"I",2,"","",0,"PUESTO",F,F,"","","B","","",""
"ITEMAGRUPAMIENTOBUZONES","Item de agrupamientos de bases de datos","Item agrupamientos","","",7.00,0,0,F,"I",2,"","",0,"PUESTO",F,F,"","","B","","",""
"ITEMAGRUPAPUBLIC","Items de agrupamientos centralizados","Items de agrupamientos centralizados","","",7.00,0,0,F,"I",2,"AgruPubliDetalle","",0,"",T,F,"","","B","","",""
"ITEMAJAUDIARTICULOS","Item ajuste de stock por auditoria de artículos","ajuste stock por auditoria stock artículos","","",7.00,0,0,F,"I",2,"AjusteArticulos","",0,"",F,F,"","","B","","",""
"ITEMAJAUDICOMBINACION","Item ajuste de stock por auditoria de combinaciones","ajuste stock por auditoria stock combinación","","",7.00,0,0,F,"I",2,"AjusteCombinacion","",0,"",F,F,"","","B","","",""
"ITEMAJAUDIENTRANSITO","Item ajuste de stock por auditoría en tránsito","Ajuste stock por auditoría en tránsito","","",7.00,0,0,F,"I",2,"AjusteCombinacion","",0,"",F,F,"","","","","",""
"ITEMAJESTADOSAUDCOMB","Item ajuste de estados por auditoria de combinaciones","Ajuste de estados por auditoria de combinaciones","","",7.00,0,0,F,"I",2,"AjusteCombinacionEstados","",0,"",F,F,"","","B","","",""
"ITEMAJSTOCKART","Item ajuste de stock por articulos","ajuste stock por articulo","","",7.00,0,0,F,"I",2,"AjusteArticulos","",0,"",F,F,"","","B","","",""
"ITEMAJUSTECCCLIENTE","Item de ajuste de cuenta corriente de clientes","Item de ajuste de cuenta corriente de clientes","","",7.00,0,0,F,"I",2,"","",0,"",F,F,"","","B","","",""
"ITEMAJUSTECCPROVEEDOR","Item de ajuste de cuenta corriente de proveedores","Item de ajuste de cuenta corriente de proveedores","","",7.00,0,0,F,"I",2,"","",0,"",F,F,"","","B","","",""
"ITEMAJUSTECOMPROBANTES","Item comprobantes a modificar","Item comprobantes a modificar","","",7.00,0,0,F,"I",2,"AjusteCombinacionEstados","",0,"",F,F,"","","B","","",""
"ITEMAJUSTEDEESTADOS","Items de ajuste de estados","Items de ajuste de estados","","",7.00,0,0,F,"I",2,"AjusteCombinacionEstados","",0,"",F,F,"","","B","","",""
"ITEMAJUSTEDESTOCK","Items de ajuste de stock","Items de ajuste de stock","","",7.00,0,0,F,"I",2,"AjusteCombinacion","",0,"",F,F,"","","B","","",""
"ITEMAJUSTOCKENTRANSITO","Items de ajuste de stock en tránsito","Items de ajuste de stock en tránsito","","",7.00,0,0,F,"I",2,"AjusteCombinacion","",0,"",F,F,"","","","","",""
"ITEMALIVIO","Item Alivio de caja","Item alivio de caja","","",7.00,0,0,F,"I",2,"","",0,"",F,F,"","","B","","",""
"ITEMAPERAUTOMATICAS","-","-","","",0.00,0,0,T,"I",2,"","",0,"ORGANIZACION",F,F,"","","","","",""
"ITEMARCHIVOSMAIL","Item archivos mail","Item archivos mail","","",0.00,0,0,T,"I",2,"","",0,"",F,F,"","","","","",""
"ITEMARQUEOOTROS","Item arqueo de otros","Item arqueo de otros","","",7.00,0,0,F,"I",2,"","",0,"",F,F,"","","","","",""
"ITEMARTICULOSCANCOMPRA","Items de cancelación de compra","Linea detalle cancelación de compra","","",7.00,0,0,F,"I",2,"ARTICULOSCOMPRA","",1,"",F,F,"B","","B","","",""
"ITEMARTICULOSCOMPRA","Items de facturas de compra","Linea detalle factura de compra","","",7.00,0,0,F,"I",2,"ARTICULOSCOMPRA","",1,"",F,F,"B","","B","","",""
"ITEMARTICULOSDESPACHO","Item de artículos del despacho","Artículos del despacho","","",7.00,0,0,F,"I",2,"ARTICULODESPACHO","",0,"",T,F,"","","","","",""
"ITEMARTICULOSNCCOMPRA","Items de nota de crédito de compra","Linea detalle nota de crédito de compra","","",7.00,0,0,F,"I",2,"ARTICULOSCOMPRA","",1,"",F,F,"B","","B","","",""
"ITEMARTICULOSNDCOMPRA","Items de nota de débito de compra","Linea detalle nota de débito de compra","","",7.00,0,0,F,"I",2,"ARTICULOSCOMPRA","",1,"",F,F,"B","","B","","",""
"ITEMARTICULOSPEDCOMPRA","Items de pedido de compra","Linea detalle pedido de compra","","",7.00,0,0,F,"I",2,"ARTICULOSCOMPRA","",1,"",F,F,"B","","B","","",""
"ITEMARTICULOSPRECOMPRA","Items de presupuestos de compra","Linea detalle presupuesto de compra","","",7.00,0,0,F,"I",2,"ARTICULOSCOMPRA","",1,"",F,F,"B","","B","","",""
"ITEMARTICULOSREMCOMPRA","Items de remito de compra","Linea detalle remito de compra","","",7.00,0,0,F,"I",2,"ARTICULOSCOMPRA","",1,"",F,F,"B","","B","","",""
"ITEMARTICULOSREQCOMPRA","Items de requerimiento de compra","Linea detalle requerimiento de compra","","",7.00,0,0,F,"I",2,"ARTICULOSCOMPRA","",1,"",F,F,"B","","B","","",""
"ITEMARTICULOSSENIADOS","Items de seńas","Detalle de seńas","","",7.00,0,0,F,"I",2,"ARTICULOSSENIADOS","",1,"",F,F,"B","DSE","B","","",""
"ITEMARTICULOSSOLCOMPRA","Items de pedido de compra","Linea detalle pedido de compra","","",7.00,0,0,F,"I",2,"ARTICULOSCOMPRA","",1,"",F,F,"B","","B","","",""
"ITEMARTICULOSVENTAS","Items de facturas","Linea detalle factura","","",7.00,0,0,F,"I",2,"ARTICULOSVENTA","",1,"",F,F,"B","","B","","",""
"ITEMASIENTO","Item de asientos contables","Item de asientos contables","","",7.00,0,0,F,"I",2,"","",0,"",F,F,"","","","","",""
"ITEMASIENTOTIPO","Item de configuración de asientos tipo","Item de configuración de asientos tipo","","",7.00,0,0,F,"I",2,"","",0,"",F,F,"","","","","",""
"ITEMAUTORIZACIONDJCP","Valores de autorización de DJCP","Valores de códigos de autorización de DJCP","","",7.00,0,0,F,"I",2,"","",0,"",F,F,"","","","","",""
"ITEMAUTORIZICARD","Items de autorizadores para dispositivo ICard","","","",7.00,0,0,F,"I",2,"","",0,"",F,F,"","IAI","","","",""
"ITEMBASEDEDATOS","Item de agrupamientos de bases de datos","Item agrupamientos","","",7.00,0,0,F,"I",2,"","",0,"PUESTO",F,F,"","","B","","",""
"ITEMBOLSASYCAJAS","Item bolsas y cajas","Item bolsas y cajas","","",7.00,0,0,F,"I",2,"","",1,"",F,F,"B","","B","","",""
"ITEMBUZONES","Item de agrupamientos de bases de datos","Item agrupamientos","","",7.00,0,0,F,"I",2,"","",0,"PUESTO",F,F,"","","B","","",""
"ITEMCAEAINFORMA","items Informar Movimientos CAEA","","","",0.00,0,0,F,"I",2,"","",0,"",F,F,"","","B","","",""
"ITEMCAJAAUDITORIA","Valores de la caja de auditoría","Valores de la caja de auditoría","","",7.00,0,0,F,"I",2,"","",1,"",F,F,"B","","B","","",""
"ITEMCALCULODEPRECIOS","Item cálculo de precios","Item cálculo de precios","","",7.00,0,0,F,"I",2,"CALCULODEPRECIOS","",1,"",F,F,"B","042","B","","",""
"ITEMCAMPOORDENAMIENTO","Item para almacenar los campos de ordenamiento personales","Campos ordenamientos personales","","",7.00,0,0,F,"I",2,"","",0,"ORGANIZACION",F,F,"","","","","",""
"ITEMCAMPOPERSONALIZADO","Item para almacenar los campos perzonalizados personales","Campos perzonalizados personales","","",7.00,0,0,F,"I",2,"","",0,"ORGANIZACION",F,F,"","","","","",""
"ITEMCAMPOSUBTOTAL","Item para almacenar los campos subtotales personales","Campos subtotales personales","","",7.00,0,0,F,"I",2,"","",0,"ORGANIZACION",F,F,"","","","","",""
"ITEMCANCELACIONDESENIAS","Item de cancelación de seńas","Item de cancelación de seńas","","",7.00,0,0,F,"I",2,"","",1,"",T,T,"","","B","","",""
"ITEMCANJECUPONES","Item canje de cupones","","","",7.00,0,0,T,"I",2,"ValoresFondos","",0,"",F,F,"","","B","","",""
"ITEMCATEGORIASECOM","Item de categorías ecommerce","","","",7.00,0,0,F,"I",2,"","",0,"",F,F,"","ICE","B","","",""
"ITEMCCOSTO","Item de distribucion de centro de costo","Item de distribución de centro de costo","","",7.00,0,0,F,"I",2,"","",0,"",F,F,"","","","","",""
"ITEMCDRCOMPROBANTES","Items comprombates del comprobante de recepciones","Items comprombates del comprobante de recepciones","","",7.00,0,0,F,"I",2,"","",1,"",F,F,"","","","","",""
"ITEMCDRIMPUESTOS","Items impuestos de comprobante de retención","Items impuestos de comprobante de retención","","",7.00,0,0,F,"I",2,"","",1,"",F,F,"","","","","",""
"ITEMCENTROSDISTRIBUCION","Item centros de distribución","Item centros de distribución","","",7.00,0,0,F,"I",2,"","",0,"",F,F,"","","B","","",""
"ITEMCHCUSTODIA","Item de cheques en custodia","Item de cheques en custodia","","",7.00,0,0,F,"I",2,"","",0,"",F,F,"","ICC","B","","",""
"ITEMCHEQUEDISPONIBLE","Item cheque","","","",7.00,0,0,F,"I",2,"","",0,"",F,F,"","","B","","",""
"ITEMCHEQUEHISTORIAL","Item de historial de interacciones de cheques","Item de historial de interacciones de cheques","","",7.00,0,0,F,"I",2,"","",0,"",F,F,"","","","","",""
"ITEMCHEQUEPROPIOHIST","Item de historial de interacciones de cheques propios","Item de historial de interacciones de cheques propios","","",7.00,0,0,F,"I",2,"","",0,"",F,F,"","","","","",""
"ITEMCLASEDETARJETA","Items de operadora de tarjeta","Linea detalle clases de tarjeta","","",7.00,0,0,F,"I",2,"","",0,"",F,F,"BT","","B","","",""
"ITEMCODBARRAALTER","Item código de barra alternativo","Item código de barra alternativo","","",7.00,0,0,F,"I",2,"","",0,"",F,F,"","ICA","","","",""
"ITEMCODSERV","Item de código de servicio","Item de código de servicio","","",7.00,0,0,F,"I",2,"","",0,"",F,F,"","","","","",""
"ITEMCOMISIONVENDEDOR","Items de comisión de vendedores","Items de comisión de vendedores","","",7.00,0,0,F,"I",2,"","",0,"",F,F,"","","B","","",""
"ITEMCOMPROBANTE","Detalle de comprobantes","","","",7.00,0,0,F,"I",2,"","",0,"",F,F,"","","B","","",""
"ITEMCOMPROBANTEPAGO","Items de comprobantes de pago","Linea detalle comprobantes de pago","","",7.00,0,0,F,"I",2,"","",1,"",F,F,"B","","B","","",""
"ITEMCOMPROBANTESENBASEA","Item comprobantes","Item comprobantes","","",7.00,0,0,T,"I",2,"ComprobantesEnBasea","",0,"",T,F,"","","B","","",""
"ITEMCONCEPTOLIQ","Item concepto de liquidación","Item concepto de liquidación","","",7.00,0,0,F,"I",2,"","",0,"",F,F,"","","","","",""
"ITEMCONCEPTOS","Item de conceptos de liquidación de tarjeta","Item de conceptos de liquidación de tarjeta","","",7.00,0,0,F,"I",2,"","",0,"",F,F,"","","","","",""
"ITEMCONCILIAMOVIMIENTO","Items de conciliacion de movimientos de caja","Items de conciliacion de movimientos","","",7.00,0,0,F,"I",2,"","",0,"",T,F,"","","","","",""
"ITEMCONCILIASALDO","Items de conciliacion de saldos de caja","Items de conciliacion de saldos","","",7.00,0,0,F,"I",2,"","",0,"",T,F,"","","","","",""
"ITEMCONDICIONDEPAGO","Item del detalle de la condición de pago","Linea detalle condición de pago","","",7.00,0,0,F,"I",2,"","",1,"",F,F,"B","","B","","",""
"ITEMCONTACTO","Contactos del cliente","Contactos del cliente","","",7.00,0,0,F,"I",2,"","",0,"",F,F,"","","","","",""
"ITEMCONVENIO","Item convenio","Item convenio","","",7.00,0,0,F,"I",2,"","",0,"",F,F,"","","","","",""
"ITEMCUPON","Item cupon","","","",7.00,0,0,F,"I",2,"Cupon","",0,"",F,F,"","","B","","",""
"ITEMCUPONHUERFANO","Item cupón huerfano","","","",7.00,0,0,F,"I",2,"Cupon","",0,"",F,F,"","","B","","",""
"ITEMDATOSPLANES","Items datos planes","","","",7.00,0,0,T,"I",2,"","",0,"",F,F,"","","B","","",""
"ITEMDATOSREGISTRO","Item de datos de cuenta bancaria","Item de datos de cuenta bancaria","","",7.00,0,0,F,"I",2,"","",0,"",F,F,"","IDB","B","","",""
"ITEMDENOMINACIONES","Item de denominaciones de monedas","Item de denominaciones de monedas","","",7.00,0,0,F,"I",2,"","",0,"",F,F,"W","","","","",""
"ITEMDESCUENTO","Item de descuento","Item de descuentos","","",7.00,0,0,F,"I",2,"","",0,"",F,F,"","III","E","","",""
"ITEMDIMENSIONESECOM","Item de dimensiones ecommerce","","","",7.00,0,0,F,"I",2,"","",0,"",F,F,"","IDE","B","","",""
"ITEMDISPMOVILPOINT","Items de dispositivos móviles","","","",7.00,0,0,F,"I",2,"","",0,"",F,F,"","IDP","","","",""
"ITEMDISPOSITIVOSCLOVER","Items de dispositivos Clover","","","",7.00,0,0,F,"I",2,"","",0,"",F,F,"","ICL","","","",""
"ITEMDOMINIOSCORS","Dominios a habilitar CORS en servicios","Dominios a habilitar CORS en servicios","","",7.00,0,0,F,"I",2,"","",0,"ORGANIZACION",F,F,"","ITL","","","",""
"ITEMENTIDADES","Item entidades","Item entidades","","",7.00,0,0,F,"I",2,"","",1,"",F,F,"","","","","",""
"ITEMENTIDADESEXPO","Item entidades exportación","Item entidades exportación","","",0.00,0,0,F,"I",2,"","",0,"ORGANIZACION",F,F,"","","","","",""
"ITEMENTIDADESIMPO","Item entidades importación","Item entidades importación","","",7.00,0,0,F,"I",2,"","",0,"ORGANIZACION",F,F,"","","","","",""
"ITEMENTIDADESMAIL","Item entidades mail","Item entidades mail","","",0.00,0,0,F,"I",2,"","",0,"",F,F,"","","","","",""
"ITEMEQUIGTIN","Item de equivalencia GTIN","Item de equivalencia GTIN","","",7.00,0,0,F,"I",2,"","",0,"",T,T,"","","B","","",""
"ITEMEQUIVALORES","Item equivalencia de valores","Item equivalencia de valores","","",7.00,0,0,F,"I",2,"","",0,"",F,F,"","","","","",""
"ITEMERRORESECOMMERCE","Items de operaciones con errores","","","",7.00,0,0,F,"I",2,"","",0,"",F,F,"","EOE","E","","",""
"ITEMESCALA","Escalas para calculo en impuestos","Item para escalas de aplicación en impuestos","","",7.00,0,0,F,"I",2,"","",0,"",F,F,"","","","","",""
"ITEMETIQUETASECOM","Item de etiquetas ecommerce","","","",7.00,0,0,F,"I",2,"","",0,"",F,F,"","IEE","B","","",""
"ITEMEXCLUIDOOTRAPERCEP","Item percepciones excluidas","Percepciones excluidas","","",7.00,0,0,F,"I",2,"","",0,"",F,F,"","","","","",""
"ITEMFAVORITOSLISTADOS","Detalle de listados favoritos","Detalle de listados favoritos","","",7.00,0,0,F,"I",2,"","",1,"",F,F,"","FLI","B","","",""
"ITEMFECHACANCELACION","Item fecha cancelación","","","",7.00,0,0,F,"I",2,"","",0,"",F,F,"","","","","",""
"ITEMFERIADO","Feriados","Feriados","","",0.00,0,0,T,"I",2,"","",0,"",F,F,"","","B","","",""
"ITEMFILTROPERSONALIZADO","Item para almacenar los filtros perzonalizados personales","Filtros perzonalizados personales","","",7.00,0,0,F,"I",2,"","",0,"ORGANIZACION",F,F,"","","","","",""
"ITEMFORMATOSALIDA","Item para almacenar los formatos de salida personales","Formatos de salida personales","","",7.00,0,0,F,"I",2,"","",0,"ORGANIZACION",F,F,"","","","","",""
"ITEMIMPETIQUETA","Item impresión de etiquetas","Item impresión de etiquetas","","",7.00,0,0,F,"I",2,"ImpEtiqueta","",0,"",F,F,"","","B","","",""
"ITEMIMPUESTOCANCOMPRA","Item impuestos cancelación de compra","Item impuestos cancelación de compra","","",7.00,0,0,T,"I",2,"IMPUESTOSCOMPRAS","",0,"",F,F,"","","B","","",""
"ITEMIMPUESTONCCOMPRA","Item impuestos nota crédito de compra","Item impuestos nota crédito de compra","","",7.00,0,0,T,"I",2,"IMPUESTOSCOMPRAS","",0,"",F,F,"","","B","","",""
"ITEMIMPUESTONDCOMPRA","Item impuestos nota débito de compra","Item impuestos nota débito de compra","","",7.00,0,0,T,"I",2,"IMPUESTOSCOMPRAS","",0,"",F,F,"","","B","","",""
"ITEMIMPUESTOORDENDEPAGO","Item impuestos orden de pago","Item impuestos orden de pago","","",7.00,0,0,F,"I",2,"","",0,"",F,F,"","","","","",""
"ITEMIMPUESTOPAGO","Item impuestos pago","Item impuestos pago","","",7.00,0,0,F,"I",2,"","",0,"",F,F,"","","","","",""
"ITEMIMPUESTOPEDCOMPRA","Item impuestos pedido de compra","Item impuestos pedido de compra","","",7.00,0,0,T,"I",2,"IMPUESTOSCOMPRAS","",0,"",F,F,"","","B","","",""
"ITEMIMPUESTOPRECOMPRA","Item impuestos presupuesto compra","Item impuestos presupuesto compra","","",7.00,0,0,T,"I",2,"IMPUESTOSCOMPRAS","",0,"",F,F,"","","B","","",""
"ITEMIMPUESTOREMCOMPRA","Item impuestos remito de compra","Item impuestos remito de compra","","",7.00,0,0,T,"I",2,"IMPUESTOSCOMPRAS","",0,"",F,F,"","","B","","",""
"ITEMIMPUESTOREQCOMPRA","Item impuestos requerimiento de compra","Item impuestos requerimiento de compra","","",7.00,0,0,T,"I",2,"IMPUESTOSCOMPRAS","",0,"",F,F,"","","B","","",""
"ITEMIMPUESTOS","Items de impuestos","","","",7.00,0,0,F,"I",2,"IMPUESTOS","",1,"",F,F,"B","","B","","",""
"ITEMIMPUESTOSC","Items de impuestos de compra","","","",7.00,0,0,F,"I",2,"IMPUESTOS","",1,"",F,F,"B","","B","","",""
"ITEMIMPUESTOSCANC","Items de impuestos de cancelación de compra","","","",7.00,0,0,F,"I",2,"IMPUESTOS","",1,"",F,F,"B","","B","","",""
"ITEMIMPUESTOSLIQ","Item impuesto liquidación mensual","Item impuesto liquidación mensual","","",0.00,0,0,F,"I",2,"","",0,"",F,F,"","","","","",""
"ITEMIMPUESTOSLIQCOM","Item otros impuestos liquidación mensual","Item otros impuestos liquidación mensual","","",0.00,0,0,F,"I",2,"","",0,"",F,F,"","","","","",""
"ITEMIMPUESTOSNCC","Items de impuestos de nota crédito de compra","","","",7.00,0,0,F,"I",2,"IMPUESTOS","",1,"",F,F,"B","","B","","",""
"ITEMIMPUESTOSNDC","Items de impuestos de nota débito de compra","","","",7.00,0,0,F,"I",2,"IMPUESTOS","",1,"",F,F,"B","","B","","",""
"ITEMIMPUESTOSOLCOMPRA","Item impuestos pedido de compra","Item impuestos pedido de compra","","",7.00,0,0,T,"I",2,"IMPUESTOSCOMPRAS","",0,"",F,F,"","","B","","",""
"ITEMIMPUESTOSPEDC","Items de impuestos de pedido de compra","","","",7.00,0,0,F,"I",2,"IMPUESTOS","",1,"",F,F,"B","","B","","",""
"ITEMIMPUESTOSPREC","Items de impuestos de presupuesto de compra","","","",7.00,0,0,F,"I",2,"IMPUESTOS","",1,"",F,F,"B","","B","","",""
"ITEMIMPUESTOSREMC","Items de impuestos de remito de compra","","","",7.00,0,0,F,"I",2,"IMPUESTOS","",1,"",F,F,"B","","B","","",""
"ITEMIMPUESTOSREQC","Items de impuestos de requerimiento de compra","","","",7.00,0,0,F,"I",2,"IMPUESTOS","",1,"",F,F,"B","","B","","",""
"ITEMIMPUESTOSSOLC","Items de impuestos de pedido de compra","","","",7.00,0,0,F,"I",2,"IMPUESTOS","",1,"",F,F,"B","","B","","",""
"ITEMINTERACCION","Item de interacción","Item de interacción","","",7.00,0,0,F,"I",2,"","",0,"",F,F,"","","","","",""
"ITEMINVENTARIOSFISICO","Item de inventarios físicos","Item de inventarios físicos","","",7.00,0,0,F,"I",2,"","",0,"",F,F,"","","","","",""
"ITEMIVACOMPRAS","Item impuesto iva compras","","","",7.00,0,0,F,"I",2,"","",0,"",F,F,"","","B","","",""
"ITEMIVASIMPLE","Item RG 5705/25 IVA simple","Item RG 5705/25 IVA simple","","",7.00,0,0,F,"I",2,"","",0,"",F,F,"BTW","","B","","",""
"ITEMKITS","Item de kits","Item de kits","","",7.00,0,0,F,"I",2,"Kits","",0,"",F,F,"","ITK","E","","",""
"ITEMLIQDIARIA","Item de liquidación diaria en liquidación mensual","Item de liquidación diaria en liquidación mensual","","",7.00,0,0,F,"I",2,"","",0,"",F,F,"","","","","",""
"ITEMLIQGENERAL","Item de liquidación mensual","Item de liquidación mensual","","",7.00,0,0,F,"I",2,"","",0,"",F,F,"","","","","",""
"ITEMLOTE","Item lote","Item lote","","",7.00,0,0,F,"I",2,"","",0,"",F,F,"GT","059","B","","",""
"ITEMMAQUINARIACONSUMO","Item consumos de producción","Item consumos de producción","","",7.00,0,0,F,"I",2,"","",0,"",F,F,"","","B","","",""
"ITEMMINIMOREPOSICION","Item mínimo de reposición","Item mínimo de reposición","","",7.00,0,0,F,"I",2,"","",1,"",F,F,"B","","B","","",""
"ITEMMODCOSTOPROD","Items de modificación de costos de insumos en producción","Items de modificación de costos de insumos en producción","","",7.00,0,0,F,"I",2,"","",0,"",F,F,"","CIP","","","",""
"ITEMMODIFICACIONPRECIOS","Item modificación de precios","Item modificación de precios","","",7.00,0,0,F,"I",2,"","",1,"",F,F,"B","","B","","",""
"ITEMMONEDA","Item del detalle de moneda","Linea detalle moneda","","",7.00,0,0,F,"I",2,"","",1,"",F,F,"B","","B","","",""
"ITEMMONEDASDETARJETA","Items de monedas de tarjetas","","","",7.00,0,0,F,"I",2,"","",0,"",F,F,"","","B","","",""
"ITEMMOVBANCARIOS","Item de movimientos bancarios","Item de movimientos bancarios","","",7.00,0,0,F,"I",2,"","",0,"",F,F,"","IMB","B","","",""
"ITEMMOVBANCARIOSTOOL","Item de movimientos bancarios","Item de movimientos bancarios","","",7.00,0,0,F,"I",2,"","",0,"",F,F,"","ITB","B","","",""
"ITEMMOVSTOCK","Items de movimiento de stock","Items de movimiento de stock","","",7.00,0,0,F,"I",2,"MovStock","",1,"",F,F,"B","","B","","",""
"ITEMNCPENDIENTEPROMOB","Item NC pendientes por promo bancaria","Item modificación del costo de producción","","",7.00,0,0,F,"I",2,"","",0,"",F,F,"C","","","","",""
"ITEMOPERADORASDETARJETA","Items de operadoras de tarjetas","","","",7.00,0,0,F,"I",2,"","",0,"",F,F,"","","B","","",""
"ITEMORDENDEPAGO","Item orden de pago","","","",0.00,0,0,F,"I",2,"","",1,"",F,F,"","","B","","",""
"ITEMORDENDESERVICIO","Item de órdenes de servicio","Item de órdenes de servicio","","",7.00,0,0,F,"I",2,"","",0,"",F,F,"","","","","",""
"ITEMOTRASDIRECCIONES","Otras direcciones del cliente","Otras direcciones del cliente","","",7.00,0,0,F,"I",2,"","",0,"",F,F,"","","","","",""
"ITEMPAGO","Item de pago","","","",0.00,0,0,F,"I",2,"","",0,"",F,F,"","","","","",""
"ITEMPAGOVALORES","Items de valores pago","","","",0.00,0,0,F,"I",2,"","",0,"",F,F,"","","","","",""
"ITEMPAIS","Item de paises","Item de paises","","",7.00,0,0,F,"I",2,"","",0,"",F,F,"","","B","","",""
"ITEMPARTICIPANTES","Item de participantes de un kit","Item de participantes de un kit","","",7.00,0,0,F,"I",2,"","",0,"",F,F,"","IPK","B","","",""
"ITEMPLANDECUOTA","Item de recargos y descuentos de planes de cuotas","Item de recargos y descuentos de planes de cuotas","","",7.00,0,0,F,"I",2,"","",0,"",F,F,"","I2T","B","","",""
"ITEMPLANESLAPOS","Items de planes para dispositivo LaPos","","","",7.00,0,0,F,"I",2,"","",0,"",F,F,"","IPL","","","",""
"ITEMPLANESPOSNET","Items de planes para dispositivo Posnet","","","",7.00,0,0,F,"I",2,"","",0,"",F,F,"","IPP","","","",""
"ITEMPLANESSMARTLAPOS","Items de planes para dispositivo smart LaPos","","","",7.00,0,0,F,"I",2,"","",0,"",F,F,"","ISL","","","",""
"ITEMPLATAFORMAS","Item de operación ecommerce","Item de operación ecommerce","","",7.00,0,0,F,"I",2,"","",0,"",F,F,"","IPT","E","","",""
"ITEMPREPMPICKING","Item preparación de mercadería","Item preparación de mercadería","","",7.00,0,0,F,"i",2,"","",0,"",F,F,"","","","","",""
"ITEMPROMOARTICULOS","Item relacion articulos- promos","Item relacion articulos- promos","","",7.00,0,0,F,"I",2,"","",0,"",F,F,"","","","","",""
"ITEMPROMOCIONES","Item para almacenar las promociones aplicadas","Item para almacenar las promociones aplicadas","","",7.00,0,0,F,"I",2,"Promociones","",0,"",F,F,"","","","","",""
"ITEMRAZONSOCIAL","Razones sociales asociadas al nombre de fantasía","","","",7.00,0,0,F,"I",2,"","",0,"",F,F,"","","","","",""
"ITEMRECEFECTIVO","Item arqueo efectivo por denominacion","Item arqueo efectivo por denominacion","","",7.00,0,0,F,"I",2,"","",0,"",F,F,"","","","","",""
"ITEMRECIBO","Detalle de comprobante de recibos","","","",7.00,0,0,F,"I",2,"","",1,"",F,F,"B","","B","","",""
"ITEMREFERENCIAALISTADO","Referencia a listados perzonalizados","Referencia a listados personalizados","","",7.00,0,0,F,"I",2,"","",0,"ORGANIZACION",F,F,"","","","","",""
"ITEMREGCONCILIABLES","Item de registros conciliables","Item de registros conciliables","","",7.00,0,0,F,"I",2,"","",0,"",F,F,"","IRC","B","","",""
"ITEMREGCONCILIABLESTOOL","Item de registros conciliables","Item de registros conciliables","","",7.00,0,0,F,"I",2,"","",0,"",F,F,"","ITC","B","","",""
"ITEMREMITOELEC","Item remito electrónico","Items del remito electrónico","","",0.00,0,0,T,"I",2,"remitoelec","",0,"",F,F,"","","","","",""
"ITEMREMITOS","Item de remitos","Item de remitos","","",7.00,0,0,T,"I",2,"","",0,"",F,F,"","IRM","B","","",""
"ITEMRETENCIONRECIBIDA","Items impuestos del comprobante de retenciones recibidos","Items de impuestos del comprobante de retenciones recibidos","","",7.00,0,0,F,"I",2,"","",1,"",F,F,"","","","","",""
"ITEMRETENCIONRECIBO","Items retenciones de impuestos recibidos en el recibo","Items retenciones recibidas","","",7.00,0,0,F,"I",2,"","",1,"",F,F,"","","","","",""
"ITEMSELECCIONDESPACHO","Item selección de despacho","","","",7.00,0,0,F,"I",2,"","",0,"",F,F,"","","","","",""
"ITEMSELECHEQUEAINSERTAR","Item de selección de cheques","Item de selección de cheques","","",7.00,0,0,F,"I",2,"","",1,"",F,F,"","ISC","B","","",""
"ITEMSELECOMPAINSERTAR","Item de selección de comprobantes","Item de selección de comprobantes","","",7.00,0,0,F,"I",2,"","",1,"",F,F,"","ISC","B","","",""
"ITEMSENIAPENDIENTE","Item de seńa pendiente","Seńa pendiente","","",7.00,0,0,F,"I",2,"","",1,"",F,F,"","ISP","B","","",""
"ITEMSENIAS","Items de la entidad seńa","Detalle de seńa","","",7.00,0,0,F,"I",2,"","",1,"",F,F,"B","","B","","",""
"ITEMSERIALPOINT","Items de números de series de lectores","","","",7.00,0,0,F,"I",2,"","",0,"",F,F,"","ISP","","","",""
"ITEMTARJETASCLOVER","Items de tarjetas para dispositivo Clover","","","",7.00,0,0,F,"I",2,"","",0,"",F,F,"","IPC","","","",""
"ITEMTARJETASFISERV","Items de tarjetas para dispositivos FiServ","","","",7.00,0,0,F,"I",2,"","",0,"",F,F,"","ITF","","","",""
"ITEMTARJETASICARD","Items de tarjetas para dispositivo ICard","","","",7.00,0,0,F,"I",2,"","",0,"",F,F,"","ITI","","","",""
"ITEMTARJETASLAPOS","Items de tarjetas para dispositivo LaPos","","","",7.00,0,0,F,"I",2,"","",0,"",F,F,"","ITL","","","",""
"ITEMTARJETASPOSNET","Items de tarjetas para dispositivo Posnet","","","",7.00,0,0,F,"I",2,"","",0,"",F,F,"","IPT","","","",""
"ITEMTARJETASSMARTLAPOS","Items de tarjetas para dispositivo smart LaPos","","","",7.00,0,0,F,"I",2,"","",0,"",F,F,"","ISL","","","",""
"ITEMTERMINALESLAPOS","Items de terminales smart LaPos","","","",7.00,0,0,F,"I",2,"","",0,"",F,F,"","","","","",""
"ITEMTIQUETDECAMBIO","Item comprobante para cambio","Item comprobante para cambio","","",7.00,0,0,F,"I",2,"","",1,"",F,F,"","IKC","","","",""
"ITEMTOTALPORGRUPO","Item total por grupo del arqueo de caja","Item total por grupo del arqueo de caja","","",7.00,0,0,F,"I",2,"","",0,"",F,F,"","","","","",""
"ITEMVALEDECAMBIO","Item de vale de cambio","Item de vale de cambio","","",7.00,0,0,F,"I",2,"","",0,"",F,F,"CBD","VCI","DJN","","",""
"ITEMVALORES","Items de valores","Linea detalle valores","","",7.00,0,0,F,"I",2,"VALORESVENTA","",1,"",F,F,"B","","B","","",""
"ITEMVALORESAENT","Item valores a entregar","","","",7.00,0,0,F,"I",2,"ValoresAEnt","",0,"",F,F,"","","","","",""
"ITEMVALORESCAJA","Items de valores para movimientos de caja","","","",7.00,0,0,F,"I",2,"ValoresFondos","",1,"",F,F,"B","","B","","",""
"ITEMVALORESCOMPRA","Items de valores de compra","Linea detalle valores de compra","","",7.00,0,0,F,"I",2,"VALORESCOMPRA","",1,"",F,F,"B","","B","","",""
"ITEMVALORESCOMPROPAGO","Items de comprobantes de pago","Linea detalle valores de comprobantes de pago","","",7.00,0,0,F,"I",2,"VALORESCOMPRA","",1,"",F,F,"B","","B","","",""
"ITEMVALORESENTRANSITO","Items de valores para movimientos de caja","","","",7.00,0,0,F,"I",2,"","",0,"",F,F,"","","","","",""
"ITEMVALORESNCCOMPRA","Items de valores de nota crédito de compra","Linea detalle valores de nota crédito de compra","","",7.00,0,0,F,"I",2,"VALORESCOMPRA","",1,"",F,F,"B","","B","","",""
"ITEMVALORESNDCOMPRA","Items de valores de nota débito compra","Linea detalle valores de nota débito de compra","","",7.00,0,0,F,"I",2,"VALORESCOMPRA","",1,"",F,F,"B","","B","","",""
"ITEMVALOROPEECOM","Item valores operación ecommerce","Item valores operación ecommerce","","",7.00,0,0,F,"I",2,"","",1,"",F,F,"B","","","","",""
"ITEMVEHICULO","Item vehículo","Items de vehículo","","",0.00,0,0,T,"I",2,"","",0,"",F,F,"","","","","",""
"ITEMWEBHOOK","Item webhook","Item de WebHook","","",7.00,0,0,F,"I",2,"","",0,"ORGANIZACION",F,F,"","IWH","","","",""
"IVASIMPLE","RG 5705/25 IVA simple","RG 5705/25 IVA simple","","",7.00,0,0,T,"E",2,"","",0,"",F,F,"BTW","ISI","B","","",""
"ImpoAgrupadas","Configuración de importaciones agrupadas","Configuración de importaciones agrupadas","","",7.00,0,0,T,"E",2,"ent_impoexpoagrupadas","",0,"ORGANIZACION",F,F,"TB","IMA","B","","",""
"ImpresionDeEtiqueta","Impresión de etiquetas","Impresión de etiquetas","","",7.00,0,0,T,"E",2,"","",0,"",F,F,"DT","IET","B","","",""
"InformacionAdicionalCompVtas","Informacion adicional","Informacion adicional","","",7.00,0,0,T,"E",2,"","",0,"",F,F,"","049","B","","",""
"ItemAreasExpo","Item areas exportación","Item areas exportación","","",7.00,0,0,F,"I",2,"","",0,"ORGANIZACION",F,F,"T","","B","","",""
"ItemAreasImpo","Item areas importación","Item areas importación","","",7.00,0,0,F,"I",2,"","",0,"ORGANIZACION",F,F,"T","","B","","",""
"ItemAtributosExpo","Item atributos exportación","Item atributos exportación","","",7.00,0,0,F,"I",2,"","",0,"ORGANIZACION",F,F,"T","","B","","",""
"ItemAtributosImpo","Item atributos importación","Item atributos importación","","",7.00,0,0,F,"I",2,"","",0,"ORGANIZACION",F,F,"T","","B","","",""
"ItemCAI","Item CAI","Item CAI","","",7.00,0,0,F,"I",2,"","",0,"",F,F,"","","B","","",""
"ItemCoincidenciaPicking","Item coincidencias picking","Coincidencias picking","","",7.00,0,0,F,"I",2,"","",2,"",F,F,"","","B","","",""
"ItemComprobantesPicking","Item comprobantes picking","Picking","","",7.00,0,0,F,"I",2,"","",1,"",F,F,"","","B","","",""
"ItemDatosFiscales","Item datos fiscales","Item datos fiscales","","",7.00,0,0,F,"I",2,"","",0,"",F,F,"T","IDF","B","","",""
"ItemDifOriginalPicking","Item diferencias originales","Item diferencias originales","","",7.00,0,0,F,"I",2,"","",0,"",F,F,"","","B","","",""
"ItemDiferenciasPicking","Item diferencias picking","Diferencias picking","","",7.00,0,0,F,"I",2,"","",2,"",F,F,"","","B","","",""
"ItemExpoAgrupadas","Item diseńos de exportación agrupados","Item diseńos de exportación agrupados","","",7.00,0,0,F,"I",2,"","",0,"ORGANIZACION",F,F,"T","","B","","",""
"ItemImpoAgrupadas","Item diseńos de importación agrupados","Item diseńos de importación agrupados","","",7.00,0,0,F,"I",2,"","",0,"ORGANIZACION",F,F,"T","","B","","",""
"ItemImpuestoCompra","Item impuestos compra","Item impuestos compra","","",7.00,0,0,T,"I",2,"IMPUESTOSCOMPRAS","",0,"",F,F,"","","B","","",""
"ItemImpuestoVentas","Item impuestos de venta","Item impuestos de venta","","",7.00,0,0,F,"I",2,"","",0,"",F,F,"","","B","","",""
"ItemInstruccionScript","Item de instrucciones de scripts","","","",7.00,0,0,F,"I",2,"","",0,"ORGANIZACION",F,F,"","","B","","",""
"ItemOkPicking","Item OK Picking","OK Picking","","",7.00,0,0,F,"I",2,"PickingControlados","",3,"",F,F,"","","B","","",""
"ItemPercepciones","Item percepciones cliente","Percepciones cliente","","",7.00,0,0,F,"I",2,"","",0,"",F,F,"","","B","","",""
"ItemPruebaRedondeo","Item de prueba para redondeos","","","",7.00,0,0,F,"I",2,"","",0,"",F,F,"T","","B","","",""
"ItemRedondeoCentavos","Item de redondeos por centavos","","","",7.00,0,0,F,"I",2,"","",0,"",F,F,"T","","B","","",""
"ItemRedondeoEnteros","Item de redondeos por enteros","","","",7.00,0,0,F,"I",2,"","",0,"",F,F,"T","","B","","",""
"ItemRedondeoTabla","Item de redondeos por tabla","","","",7.00,0,0,F,"I",2,"","",0,"",F,F,"T","","B","","",""
"ItemRetenciones","Item retenciones proveedor","Retenciones proveedor","","",7.00,0,0,F,"I",2,"","",0,"",F,F,"","","B","","",""
"Itemaccionesautomaticas","Item acciones automaticas","Item acciones automaticas","","",7.00,0,0,F,"I",2,"","",0,"",F,F,"","IAA","B","","",""
"Itemareasimpresion","Item areas impresión","Item areas impresión","","",7.00,0,0,F,"I",2,"","",0,"",F,F,"T","","B","","",""
"Itematributosimpresion","Item atributos impresión","Item atributos impresión","","",7.00,0,0,F,"I",2,"","",0,"",F,F,"T","","B","","",""
"Itemdescargacheque","Item descarga de cheques","Item descarga de cheques","","",7.00,0,0,F,"I",2,"DESCARGACHEQUE","",0,"",F,F,"","","B","","",""
"Itemmercentransito","Items de mercadería en tránsito","Items de mercadería en tránsito","","",7.00,0,0,F,"I",2,"MovStock","",1,"",F,F,"","","","","",""
"Itemoperacionesecom","Item de operación ecommerce","Item de operación ecommerce","","",7.00,0,0,F,"I",2,"","",0,"",F,F,"","IOE","B","","",""
"Itempagospersonalizados","Items de pagos personalizados","Items de pagos personalizados","","",7.00,0,0,F,"I",2,"pagospersonalizados","",0,"",F,F,"","","SIPDJN","","",""
"Itempublicacionecom","Item de publicaciones ecommerce","Item de publicaciones ecommerce","","",7.00,0,0,F,"I",2,"","",0,"",F,F,"","IPE","B","","",""
"Itemtalonario","Item talonario","Item talonario","","",7.00,0,0,F,"I",2,"","",0,"",F,F,"","","B","","",""
"Jurisdiccion","Jurisdicciones","Jurisdicciones","","",7.00,0,0,T,"E",2,"","",0,"",F,F,"TB","JUR","B","","",""
"LIMITECONSUMO","Límite de consumos","Límite de consumos","","",7.00,0,0,T,"E",2,"","",0,"",F,F,"TBC","LCN","B","This.ObtenerNombre() + " " + transform( This.Numero, "@LZ 99999999" )","",""
"LINKQRENETIQUETA","Link para impresión de código QR en etiquetas","Código QR en etiquetas","","",7.00,0,0,T,"E",2,"","",0,"",F,F,"TBD","LQR","B","","",""
"LIQUIDACIONDETALLER","Liquidación de talleres","Liquidación de talleres","","",7.00,0,0,T,"E",2,"","",0,"",F,F,"BTD","LTP","B","","",""
"LIQUIDACIONDIARIA","Liquidación diaria","Liquidación diaria","","",7.00,0,0,T,"E",2,"","",0,"",F,F,"","LDT","B","","",""
"LIQUIDACIONMENSUAL","Liquidación mensual","Liquidación mensual","","",7.00,0,0,T,"E",2,"","",0,"",F,F,"","LIQ","B","","",""
"LISTADECOSTOSDEPRODUCCION","Listas de costos de producción","Listas de costos de producción","","",7.00,0,0,T,"E",2,"","",0,"",F,F,"BTD","LCP","B","","",""
"LISTADEPRECIOS","Listas de precios","Lista de precios","","",7.00,0,0,T,"E",2,"","",1,"",F,F,"BTD","005","B","","",""
"LISTADEPRECIOSCALCULADA","Listas de precios definidas por fórmulas","Listas de precios definidas por fórmulas","","",7.00,0,0,T,"E",2,"","",1,"",F,F,"BT","LPC","B","","07.0001.11720",""
"LISTADOSPERSONALIZADOS","Listados personalizados por el usuario","Listados personalizados","","",7.00,0,0,F,"E",2,"","",0,"ORGANIZACION",F,F,"","LPZ","SUIOPQDGHJKLMN","","",""
"MAILPORLOTE","Envío de comprobantes por email","Envío de comprobantes por email","","",7.00,0,0,T,"E",2,"","",1,"",F,T,"","MFA","B","","",""
"MAQUINARIA","Maquinaria y mano de obra","Maquinaria y mano de obra","","",7.00,0,0,T,"E",2,"","",0,"",F,F,"","MQP","B","","",""
"MARCA","Marcas de artículos","Marcas","","",7.00,0,0,T,"E",2,"","",0,"",F,F,"BCD","MAR","B","","",""
"MATERIAL","Materiales","Materiales","","",7.00,0,0,F,"E",2,"","",1,"",F,F,"BTD","003","B","","",""
"MINIMOREPOSICION","Mínimo de reposición","Mínimo de reposición","","",7.00,0,0,T,"E",2,"","",1,"",F,F,"BTD","MIN","B","This.ObtenerNombre() + " - " + transform( This.Numero, "@LZ 99999999" )","06.0003.00001","06.0003.00001"
"MODIFICACIONDECOSTOSDEPRODUCCION","Modificación de costos de producción","Modificación de costos de producción","","",7.00,0,0,T,"E",2,"","",0,"",F,F,"BTD","MCP","B","","",""
"MODIFICACIONPRECIOS","Modificación de precios","Modificación de precios","","",7.00,0,0,T,"E",2,"","",1,"",F,F,"BTD","040","B","This.ObtenerNombre() + " - " + transform( This.Numero, "@LZ 99999999" )","",""
"MONEDA","Moneda","Moneda","","",7.00,0,0,T,"E",2,"","",1,"",F,F,"BT","025","B","","",""
"MONEDAAFIP","Moneda AFIP","Moneda AFIP","","",7.00,0,0,T,"E",2,"","",0,"",F,F,"","MAF","B","","",""
"MOTIVO","Tipo de motivos","Motivo","","",7.00,0,0,T,"E",2,"","",1,"",F,F,"BTD","030","B","","",""
"MOTIVODATOSADICIONALESCOMPROBANTESA","Motivo en datos adicionales d comprobantes A","Motivo en datos adicionales d comprobantes A","","",7.00,0,0,F,"E",2,"","",0,"ORGANIZACION",F,F,"","MDA","","","",""
"MOTIVODESCARTE","Motivo de descarte","Motivo de descarte","","",7.00,0,0,T,"E",2,"","",0,"",F,F,"BTD","MDE","B","","",""
"MOTIVODESCUENTOYDEVOLUCION","Motivos de descuento y devolución","Motivos de descuento y devolución","","",7.00,0,0,T,"E",2,"","",1,"SUCURSAL",F,F,"BT","MDD","B","","",""
"MOVIMIENTOBANCARIO","Movimiento bancario","Movimiento bancario","","",7.00,0,0,T,"E",2,"","",0,"",F,F,"","MBC","B","","",""
"MOVIMIENTODECAJA","Movimientos de caja","Movimientos de caja","","",7.00,0,0,F,"E",2,"","",1,"",F,F,"BT","036","B","","06.0004.11383",""
"MOVIMIENTODESTOCK","Movimiento de stock","Movimiento de stock","","",7.00,0,0,T,"E",2,"Ent_ComprobanteMovStock","Comprobante",1,"",T,T,"CBTXD","043","B","This.ObtenerNombre() + " " + transform( This.Numero, "@LZ 99999999" )","",""
"Memoria","Memoria","Memoria Formulario","","",7.00,0,0,F,"E",2,"","",1,"",F,F,"","MEM","B","","",""
"Mercaderiaentransito","Mercadería en tránsito","Mercadería en tránsito","","",7.00,0,0,T,"E",2,"Ent_ComprobanteMovStock","Comprobante",1,"",T,F,"TXCD","MTR","B","","",""
"NOMBREDEFANTASIA","Nombre de fantasía","Nombres de fantasía","","",7.00,0,0,T,"E",2,"","",0,"",F,F,"D","NFA","B","","",""
"NOMENCLADORARBA","Nomenclador ARBA","Nomenclador ARBA","","",7.00,0,0,T,"E",2,"","",0,"",F,F,"BC","NAR","B","","",""
"NOTADECREDITO","Nota de crédito manual de venta","Nota de crédito","","FactTipo = 3",7.00,0,0,T,"E",2,"Ent_ComprobanteDeVentasConValores","ComprobanteDeVentasConValores",1,"",T,T,"BCTXD","020","B","This.cComprobante + " " + This.Letra + " " + transform( This.PuntoDeVenta, "@LZ 9999" ) + "-" + transform( This.Numero, "@LZ 99999999" )","06.0004.11383",""
"NOTADECREDITOAGRUPADA","Nota de crédito","Nota de crédito","","FactTipo = 55",7.00,0,0,T,"E",2,"Ent_ComprobanteAgrupado","ComprobanteAgrupado",1,"",T,T,"TXD","NAG","B","This.cComprobante + " " + This.Letra + " " + transform( This.PuntoDeVenta, "@LZ 9999" ) + "-" + transform( This.Numero, "@LZ 99999999" )","06.0004.11383",""
"NOTADECREDITOCOMPRA","Nota de crédito de compra","Nota de crédito de compra","","FactTipo = 10",7.00,0,0,T,"E",2,"Ent_ComprobanteDeComprasConValores","ComprobanteDeComprasConValores",1,"",T,T,"CTXD","NCC","B","This.cComprobante + " " + This.Letra + " " + transform( This.PuntoDeVentaExtendido, "@LZ 99999" ) + "-" + transform( This.Numero, "@LZ 99999999" )","",""
"NOTADECREDITODEEXPORTACION","Nota de crédito de exportación de venta","Nota de crédito de exportación","","FactTipo = 48",7.00,0,0,T,"E",2,"Ent_ComprobanteExportacion","ComprobanteDeVentasConValores",1,"",T,T,"BTXD","NCX","B","This.cComprobante +" "+This.Letra + " " + transform(This.PuntoDeVenta,"@LZ 9999") + "-" + transform( This.Numero, "@LZ 99999999" )","06.0004.11383",""
"NOTADECREDITOELECTRONICA","Nota de crédito electrónica de venta","Nota de crédito electrónica nacional","","FactTipo = 28",7.00,0,0,T,"E",2,"Ent_ComprobanteElectronicoNacional","ComprobanteElectronico",1,"",T,T,"BCTXD","128","B","This.cComprobante + " " + This.Letra + " " + transform( This.PuntoDeVenta, "@LZ 9999" ) + "-" + transform( This.Numero, "@LZ 99999999" )","06.0004.11383",""
"NOTADECREDITOELECTRONICADECREDITO","Nota de crédito electrónica MiPyME de venta","Nota de crédito electrónica MiPyME de venta","","FactTipo = 55",7.00,0,0,T,"E",2,"Ent_ComprobanteElectronicoNacional","ComprobanteElectronico",1,"",T,T,"CTXD","CEM","B","This.cComprobante + " " + This.Letra + " " + transform( This.PuntoDeVenta, "@LZ 9999" ) + "-" + transform( This.Numero, "@LZ 99999999" )","06.0004.11383",""
"NOTADECREDITOELECTRONICAEXPORTACION","Nota de crédito electrónica exportación de venta","Nota de crédito electrónica exportación","","FactTipo = 35",7.00,0,0,T,"E",2,"Ent_ComprobanteElectronicoExportacion","ComprobanteElectronicoExportacion",1,"",T,T,"BTXD","NEE","B","Substr(This.cComprobante,1,34) +" "+This.Letra + " " + transform(This.PuntoDeVenta,"@LZ 9999") + "-" + transform( This.Numero, "@LZ 99999999" )","06.0004.11383",""
"NOTADEDEBITO","Nota de débito manual de venta","Nota de débito","","FactTipo = 4",7.00,0,0,T,"E",2,"Ent_ComprobanteDeVentasConValores","ComprobanteDeVentasConValores",1,"",T,T,"CTXD","021","B","This.cComprobante + " " + This.Letra + " " + transform( This.PuntoDeVenta, "@LZ 9999" ) + "-" + transform( This.Numero, "@LZ 99999999" )","06.0004.11383",""
"NOTADEDEBITOAGRUPADA","Nota de débito","Nota de débito","","FactTipo = 56",7.00,0,0,T,"E",2,"Ent_ComprobanteAgrupado","ComprobanteAgrupado",1,"",T,T,"TXD","XAD","B","This.cComprobante + " " + This.Letra + " " + transform( This.PuntoDeVenta, "@LZ 9999" ) + "-" + transform( This.Numero, "@LZ 99999999" )","06.0004.11383",""
"NOTADEDEBITOCOMPRA","Nota de débito de compra","Nota de débito de compra","","FactTipo = 9",7.00,0,0,T,"E",2,"Ent_ComprobanteDeComprasConValores","ComprobanteDeComprasConValores",1,"",T,T,"CTXD","NDC","B","This.cComprobante + " " + This.Letra + " " + transform( This.PuntoDeVentaExtendido, "@LZ 99999" ) + "-" + transform( This.Numero, "@LZ 99999999" )","",""
"NOTADEDEBITODEEXPORTACION","Nota de débito de exportación de venta","Nota de débito de exportación","","FactTipo = 49",7.00,0,0,T,"E",2,"Ent_ComprobanteExportacion","ComprobanteDeVentasConValores",1,"",T,T,"BTXD","NDX","B","This.cComprobante +" "+This.Letra + " " + transform(This.PuntoDeVenta,"@LZ 9999") + "-" + transform( This.Numero, "@LZ 99999999" )","06.0004.11383",""
"NOTADEDEBITOELECTRONICA","Nota de débito electrónica de venta","Nota de débito electrónica nacional","","FactTipo = 29",7.00,0,0,T,"E",2,"Ent_ComprobanteElectronicoNacional","ComprobanteElectronico",1,"",T,T,"CTXD","129","B","This.cComprobante + " " + This.Letra + " " + transform( This.PuntoDeVenta, "@LZ 9999" ) + "-" + transform( This.Numero, "@LZ 99999999" )","06.0004.11383",""
"NOTADEDEBITOELECTRONICADECREDITO","Nota de débito electrónica MiPyME de venta","Nota de débito electrónica MiPyME de venta","","FactTipo = 56",7.00,0,0,T,"E",2,"Ent_ComprobanteElectronicoNacional","ComprobanteElectronico",1,"",T,T,"CTXD","DEM","B","This.cComprobante + " " + This.Letra + " " + transform( This.PuntoDeVenta, "@LZ 9999" ) + "-" + transform( This.Numero, "@LZ 99999999" )","06.0004.11383",""
"NOTADEDEBITOELECTRONICAEXPORTACION","Nota de débito electrónica exportación de venta","Nota de débito electrónica exportación","","FactTipo = 36",7.00,0,0,T,"E",2,"Ent_ComprobanteElectronicoExportacion","ComprobanteElectronicoExportacion",1,"",T,T,"BTXD","DEE","B","This.cComprobante +" "+This.Letra + " " + transform(This.PuntoDeVenta,"@LZ 9999") + "-" + transform( This.Numero, "@LZ 99999999" )","06.0004.11383",""
"NUEVOENBASEA","Nuevo en base a","Nuevo en base a","","",7.00,0,0,T,"E",2,"ent_virtual","",0,"",F,F,"","NBA","B","","",""
"NUEVOENTREGAONLINE","Nuevo Remito de venta en base a Pendientes de entrega","Nuevo Remito de venta en base a Pendientes de entrega","","",7.00,0,0,T,"E",2,"","",0,"",F,F,"","NEO","B","","",""
"Numeraciones","Numeraciones","Numeraciones","","",7.00,0,0,T,"E",2,"","",0,"",F,F,"T","047","B","","",""
"OPEECOMENPROCESO","Operaciones eCommerce en proceso","","","",7.00,0,0,F,"E",2,"","",0,"",T,F,"","CY3","B","","",""
"OPERADORADETARJETA","Operadoras de tarjetas","Operadoras de tarjetas","","",7.00,0,0,T,"E",2,"","",1,"",F,F,"BTD","056","B","","",""
"ORDENDEPAGO","Orden de pago","Orden de pago","","FactTipo = 31",0.00,0,0,T,"E",2,"ENT_COMPROBANTEDECOMPRASCONVALORES","ComprobanteDeComprasConValores",1,"",T,T,"BTXD","ODP","B","","",""
"ORDENDESERVICIO","Orden de servicio","Orden de servicio","","",7.00,0,0,T,"E",2,"","",0,"",F,F,"","ODS","B","","",""
"ORIGENDEDATOS","Origenes de datos","Origenes de datos","","",7.00,0,0,T,"E",2,"","",1,"",F,F,"BTW","027","B","","",""
"Operacionecommerce","Operaciones ecommerce","Operaciones ecommerce","","",7.00,0,0,T,"E",2,"","Comprobante",0,"",T,F,"D","OEC","B","","",""
"PAGO","Pago","Pago","","FactTipo = 37",7.00,0,0,T,"E",2,"","",0,"",T,T,"CTXD","PAG","B","","",""
"PAISAFIP","Pais AFIP","Pais AFIP","","",7.00,0,0,T,"E",2,"","",0,"",F,F,"","PAF","B","","",""
"PAISES","Paises","Paises","","",7.00,0,0,T,"E",2,"","",1,"",F,F,"BT","045","B","","",""
"PASAJEDESTOCK","Pasaje de stock","Pasaje de stock","","",7.00,0,0,T,"E",2,"","",0,"",T,F,"BD","PST","B","","",""
"PEDIDO","Pedido de venta","Pedido","","FactTipo = 23",7.00,0,0,T,"E",2,"Ent_ComprobanteDeVentasSinValores","ComprobanteDeVentasSinValores",1,"",T,T,"CTXD","PED","B","This.cComprobante + " " + This.Letra + " " + transform( This.PuntoDeVenta, "@LZ 9999" ) + "-" + transform( This.Numero, "@LZ 99999999" )","06.0004.11383",""
"PEDIDODECOMPRA","Pedido de compra","Pedido de compra","","FactTipo = 38",7.00,0,0,T,"E",2,"Ent_ComprobanteDeComprasSinValores","ComprobanteDeComprasSinValores",1,"",T,T,"BTXD","PCO","B","This.cComprobante + " " + This.Letra + " " + transform( This.PuntoDeVentaExtendido, "@LZ 99999" ) + "-" + transform( This.Numero, "@LZ 99999999" )","",""
"PERCEPCION","Percepciones","Percepciones","","",7.00,0,0,T,"E",2,"","",1,"",F,F,"","050","B","","",""
"PERSONALIZACIONDEENTIDADES","Personalización de entidades","Personalización de entidades","","",7.00,0,0,T,"E",2,"","",0,"ORGANIZACION",F,F,"","PEN","B","","",""
"PLANDECUENTAS","Plan de cuentas contables","Plan de cuentas","","",7.00,0,0,T,"E",2,"","",1,"",F,F,"D","CTA","B","","",""
"POOLDECLASE","Pool de clase","Pool de clase","","",7.00,0,0,F,"E",2,"","",0,"",F,F,"W","POO","SUIOPTQDGHJKLMWN","","",""
"POS","Dispositivos POS","Dispositivos POS","","",7.00,0,0,T,"E",2,"","",0,"",F,F,"B","POS","B","","",""
"PRECIODEARTICULO","Precios de artículos","Precio de articulo","","",7.00,0,0,F,"E",2,"","",0,"",F,F,"BT","018","B","This.cDescripcionComprobante","",""
"PRESUPUESTO","Presupuesto de venta","Presupuesto","","FactTipo = 25",7.00,0,0,T,"E",2,"Ent_ComprobanteDeVentasSinValores","ComprobanteDeVentasSinValores",1,"",T,T,"CTXD","PRE","B","This.cComprobante + " " + This.Letra + " " + transform( This.PuntoDeVenta, "@LZ 9999" ) + "-" + transform( This.Numero, "@LZ 99999999" )","06.0004.11383",""
"PRESUPUESTODECOMPRA","Presupuesto de compra","Presupuesto de compra","","FactTipo = 30",7.00,0,0,T,"E",2,"Ent_ComprobanteDeComprasSinValores","ComprobanteDeComprasSinValores",1,"",T,T,"BTXD","PDC","B","This.cComprobante + " " + This.Letra + " " + transform( This.PuntoDeVentaExtendido, "@LZ 99999" ) + "-" + transform( This.Numero, "@LZ 99999999" )","",""
"PROCESARNCPENDIENTEPROMOBANCO","Herramienta de generación de NC por promociones bancarias","Herramienta de generación de notas de crédito pendientes por promociones bancarias","","",7.00,0,0,T,"E",2,"","",0,"",F,F,"","PCB","B","","",""
"PROCESOPRODUCCION","Procesos de producción","Procesos de producción","","",7.00,0,0,T,"E",2,"","",0,"",F,F,"BTD","PRP","B","","",""
"PROMOCION","Promociones","Promociones","","",7.00,0,0,T,"E",2,"","",0,"",F,F,"BD","PR0","B","","",""
"PROPIEDADESLISTADOS","Propiedades listados","Propiedades avanzadas en listados","","",7.00,0,0,T,"E",2,"","",1,"",F,F,"","PLI","B","","",""
"PROVEEDOR","Proveedores","Proveedores","","",7.00,0,0,T,"E",2,"","",1,"",F,F,"BTD","002","B","","",""
"PROVINCIA","Provincias","Provincias","","",7.00,0,0,T,"E",2,"","",1,"",F,F,"BT","013","B","","",""
"Padroniibb","Padron IIBB","Padrón I.I.B.B.","","",7.00,0,0,F,"E",2,"","",0,"",F,F,"","IIB","","","",""
"Picking","Picking","Picking","","",7.00,0,0,T,"E",2,"","",0,"",F,F,"D","PIK","B","","",""
"Precargaetiart","Pre-carga para impresión de etiquetas de artículos","Pre-carga para impresión de etiquetas de artículos","","",7.00,0,0,T,"E",2,"","",0,"",F,F,"BT","PET","B","","",""
"PreparacionDeMercaderia","Preparación de mercadería","Preparación de mercadería","","FactTipo = 57",7.00,0,0,T,"E",2,"Ent_ComprobanteDeVentasSinValores","ComprobanteDeVentasSinValores",0,"",T,T,"CBTXD","PRM","B","This.ObtenerNombre() + " " + This.Letra + " " + transform( This.PuntoDeVenta, "@LZ 9999" ) + "-" + transform( This.Numero, "@LZ 99999999" )","",""
"Puntosdeventa","Puntos de venta para los comprobantes manuales","Diferenciación de puntos de venta por comprobante","","",7.00,0,0,T,"E",2,"","",0,"",F,F,"","PVT","B","","",""
"RAZONSOCIAL","Razón social","Razón social","","",7.00,0,0,T,"E",2,"","",1,"",F,F,"BTD","RAZ","B","","",""
"RECIBO","Recibo","Recibo","","FactTipo = 13",7.00,0,0,T,"E",2,"Ent_ComprobanteDeVentasConValores","ComprobanteDeVentasConValores",1,"",T,T,"TXDC","054","B","This.cComprobante + " " + This.Letra + " " + transform( This.PuntoDeVenta, "@LZ 9999" ) + "-" + transform( This.Numero, "@LZ 99999999" )","",""
"REGIMENIMPOSITIVO","Régimen impositivo","Régimen impositivo","","",7.00,0,0,T,"E",2,"","",0,"",F,F,"BTD","REG","B","","",""
"REGISTRODEACTIVIDAD","Registros de actividad","Registros de actividad","","",7.00,0,0,F,"E",2,"","",0,"SUCURSAL",F,F,"","ACT","B","","",""
"REGISTRODEACTIVIDADDET","Detalle de contexto del registros de actividad","Detalle de contexto del registros de actividad","","",7.00,0,0,F,"E",2,"","",0,"SUCURSAL",F,F,"","ACD","B","","",""
"REGISTRODEBAJA","Registro de baja","Registro de baja","","",7.00,0,0,F,"E",2,"","",0,"",F,F,"","RBL","B","","",""
"REGISTRODECUENTA","Registro conciliables","Registro conciliables","","",7.00,0,0,T,"E",2,"","",0,"",F,F,"","RCT","B","","",""
"REGISTRODEMANTENIMIENTO","Registro de mantenimiento del sistema","Registro de mantenimiento del sistema","","",7.00,0,0,T,"E",2,"","",0,"ORGANIZACION",F,F,"C","RAM","B","","",""
"REGISTRODESALUDSERVIDORDEDATOS","Registros de salud del servidor de base de datos","Registros de salud del servidor de base de datos","","",7.00,0,0,F,"E",2,"","",0,"ORGANIZACION",F,F,"","SQL","SUIOPQDGHJKLMN","","",""
"REGISTROLIQUIDACIONCONSIGNACIONES","Registros de liquidación de consignaciones","Registros de liquidación de consignaciones","","",7.00,0,0,F,"E",2,"","",0,"SUCURSAL",F,F,"","RLC","","","",""
"REGLASTRANSFERENCIAS","Reglas para la recepción de transferencias","Reglas de transferencias","","",7.00,0,0,T,"E",2,"","",0,"ORGANIZACION",F,F,"B","RTR","B","","",""
"REMITO","Remito de venta","Remito","","FactTipo = 11",7.00,0,0,T,"E",2,"Ent_ComprobanteDeVentasSinValores","ComprobanteDeVentasSinValores",1,"",T,T,"CTXD","032","B","This.cComprobante + " " + This.Letra + " " + transform( This.PuntoDeVenta, "@LZ 9999" ) + "-" + transform( This.Numero, "@LZ 99999999" )","06.0004.11383",""
"REMITODECOMPRA","Remito de compra","Remito de compra","","FactTipo = 41",7.00,0,0,T,"E",2,"Ent_ComprobanteDeComprasSinValores","ComprobanteDeComprasSinValores",1,"",T,T,"CTXD","RCO","B","This.cComprobante + " " + This.Letra + " " + transform( This.PuntoDeVentaExtendido, "@LZ 99999" ) + "-" + transform( This.Numero, "@LZ 99999999" )","06.0004.11383",""
"REMITOELECTRONICO","Remito electrónico","Remito electrónico","","",0.00,0,0,T,"E",2,"","",0,"",F,F,"","REL","B","","",""
"REPORTEAUDITORIACIERREZ","Reporte de auditoría de cierre  Z","Reporte de auditoría de cierre Z","","",7.00,0,0,T,"E",2,"","",0,"",F,F,"","ACZ","B","","",""
"REPORTEELECTRONICO","Descarga de reportes electrónicos R.G. 3561/13","Descarga de reportes electrónicos RG 3561/13","","",7.00,0,0,T,"E",2,"","",0,"",F,F,"","RPE","B","","",""
"REQUERIMIENTODECOMPRA","Requerimiento de compra","Requerimiento de compra","","FactTipo = 40",7.00,0,0,T,"E",2,"Ent_ComprobanteDeComprasSinValores","ComprobanteDeComprasSinValores",1,"",T,T,"BTXD","RDC","B","This.cComprobante + " " + This.Letra + " " + transform( This.PuntoDeVenta, "@LZ 9999" ) + "-" + transform( This.Numero, "@LZ 99999999" )","",""
"RETIRODEEFECTIVO","Retiro de efectivo en caja","Retiro de efectivo","","",7.00,0,0,T,"E",2,"ent_virtual","",0,"",F,F,"T","RDE","B","","",""
"RUBROPRODUCCION","Rubro de producción","Rubro de producción","","",7.00,0,0,T,"E",2,"","",1,"",F,F,"","RBP","B","","",""
"RedondeoDePrecios","Redondeo de precios","Redondeo de precios","","",7.00,0,0,T,"E",2,"","",0,"",F,F,"T","RED","B","","",""
"SALTODECAMPO","Comportamiento de atributos","Comportamiento de atributos","","",7.00,0,0,T,"E",2,"","",0,"",F,F,"","SDC","B","","",""
"SELECCHEQUETERCEROS","Filtros para selección múltiple de cheques de terceros","Filtros para selección múltiple de cheques de terceros","","",7.00,0,0,T,"E",2,"","",0,"",F,F,"","SCT","B","","",""
"SELECCIONBASESARCHIVADAS","Selecciones de bases de datos archivadas","Selecciones de bases de datos archivadas","","",7.00,0,0,T,"E",2,"","",0,"",F,F,"t","SBA","B","","",""
"SELECCIONCOMPROBANTEASOCIADO","Selección comprobante asociado","Selección comprobante asociado","","",7.00,0,0,T,"E",2,"","",0,"",F,F,"","SCA","B","","",""
"SELECCIONDESPACHO","Selección de despacho de importación","Selección de despacho de importación","","",7.00,0,0,T,"E",2,"","",0,"",F,F,"","SDD","B","","",""
"SELECCIONOPERACIONECOMMERCE","Selección de operaciones ecommerce","Selección de operaciones ecommerce","","",7.00,0,0,T,"E",2,"","",0,"",F,F,"","SOP","B","","",""
"SELECCIONORDENDESERVICIO","Seleccion de órdenes de servicio","Seleccion de órdenes de servicio","","",7.00,0,0,T,"E",2,"","",0,"",F,F,"","SOS","B","","",""
"SELECCIONPARAINSERTAR","Selecciones de entidades","Selección de entidades","","",7.00,0,0,T,"E",2,"ent_virtual","",0,"",F,F,"T","SEI","B","","",""
"SELECHEQUEAINSERTAR","Selección de cheques","Selección de cheques","","",7.00,0,0,T,"E",2,"","",0,"",F,F,"","SCH","B","","",""
"SELECOMPAINSERTAR","Selección de comprobantes","Selección de comprobantes","","",7.00,0,0,T,"E",2,"","",0,"",F,F,"","SCI","B","","",""
"SENIA","Seńa","Seńa","","",7.00,0,0,T,"E",2,"","",0,"",F,F,"CX","SEN","B","This.ObtenerNombre()","",""
"SENIAPENDIENTE","Seńa pendiente","Seleccione seńas pendientes","","",7.00,0,0,T,"E",2,"","",0,"",F,F,"","SEP","B","","",""
"SERVICIOREST","Servicio REST","Servicio REST","","",7.00,0,0,T,"E",2,"","",0,"ORGANIZACION",F,F,"B","RST","B","","",""
"SITUACIONFISCAL","Situación fiscal","Situación fiscal","","",7.00,0,0,F,"E",2,"","",0,"ORGANIZACION",F,F,"","STF","","","",""
"SOLICITUDDECOMPRA","Solicitud de compra","Solicitud de compra","","FactTipo = 39",7.00,0,0,T,"E",2,"Ent_ComprobanteDeComprasSinValores","ComprobanteDeComprasSinValores",1,"",T,T,"BTXD","SOC","B","This.cComprobante + " " + This.Letra + " " + transform( This.PuntoDeVenta, "@LZ 9999" ) + "-" + transform( This.Numero, "@LZ 99999999" )","",""
"STOCKARTICULOS","Stock de artículos","Stock de artículos","","",7.00,0,0,F,"E",2,"Ent_stock","",1,"",F,F,"B","024","B","this.DescripcionComprobante","",""
"STOCKCOMBINACION","Stock combinacion","Stock combinacion","","",7.00,0,0,F,"E",2,"Ent_stock","",0,"",F,F,"","012","B","this.DescripcionComprobante","",""
"SUCURSAL","Sucursales","Sucursales","","",7.00,0,0,T,"E",2,"","",1,"ORGANIZACION",F,F,"BTD","016","B","","",""
"SUCURSALBANCARIA","Sucursal bancaria","Sucursal bancaria","","",7.00,0,0,T,"E",2,"","",1,"",F,F,"BTD","131","B","","",""
"Script","Scripts de ejecución","Scripts de ejecución","","",7.00,0,0,T,"E",2,"","",0,"ORGANIZACION",F,F,"T","SCR","B","","",""
"Selecciondisenoimportacion","Selección de diseńo de importación","Selección de diseńo de importación","","",7.00,0,0,T,"E",2,"ent_virtual","",0,"",F,F,"T","SDO","B","","",""
"Selecciondisenoimpresion","Selección diseńo de salida","Selección diseńo de salida","","",7.00,0,0,T,"E",2,"","",0,"",F,F,"T","SDI","B","","",""
"TALLER","Talleres de producción","Talleres","","",7.00,0,0,T,"E",2,"","",0,"",F,F,"BTD","TLL","B","","",""
"TICKETFACTURA","Factura fiscal de venta","Comprobante fiscal factura","","FactTipo = 2",7.00,0,0,T,"E",2,"Ent_ComprobanteDeVentasConValores","ComprobanteDeVentasConValores",1,"",T,T,"CTXD","019","B","This.cComprobante + " " +This.Letra+" "+transform(This.PuntoDeVenta,"@LZ 9999" ) + "-" + transform( This.Numero, "@LZ 99999999" ) + iif(!empty(This.Secuencia)," Sec:" + This.Secuencia , "" )","06.0004.11383",""
"TICKETNOTADECREDITO","Nota de crédito fiscal de venta","Comprobante fiscal nota de crédito","","FactTipo = 5",7.00,0,0,T,"E",2,"Ent_ComprobanteDeVentasConValores","ComprobanteDeVentasConValores",1,"",T,T,"CTXD","022","B","This.cComprobante + " " + This.Letra + " " + transform( This.PuntoDeVenta, "@LZ 9999" ) + "-" + transform( This.Numero, "@LZ 99999999" ) + iif(!empty(This.Secuencia)," Sec:" + This.Secuencia , "" )","06.0004.11383",""
"TICKETNOTADEDEBITO","Nota de débito fiscal de venta","Comprobante fiscal nota de débito","","FactTipo = 6",7.00,0,0,T,"E",2,"Ent_ComprobanteDeVentasConValores","ComprobanteDeVentasConValores",1,"",T,T,"CTXD","023","B","This.cComprobante + " " + This.Letra + " " + transform( This.PuntoDeVenta, "@LZ 9999" ) + "-" + transform( This.Numero, "@LZ 99999999" ) + iif(!empty(This.Secuencia)," Sec:" + This.Secuencia , "" )","06.0004.11383",""
"TIDiferenciasDeInventario","Diferencias de inventario","Diferencia de inventario","","",7.00,0,0,T,"E",2,"","",2,"",T,F,"","TIN","B","","",""
"TIDiferenciasDeInventarioDetalle","Detalle de diferencias de inventario","Detalle de diferencias de inventario","","",7.00,0,0,T,"E",2,"","",3,"",F,F,"B","TID","B","","",""
"TIInventarioACont","Inventario a controlar","Inventario a controlar","","",7.00,0,0,T,"E",2,"","",0,"",F,F,"D","TIT","B","","",""
"TIInventarioAContDetalle","Detalle de inventario a controlar","Inventario a controlar detalle","","",7.00,0,0,F,"E",2,"","",0,"",F,F,"","ITD","B","","",""
"TIInventarioFisico","Inventario físico","Inventario físico","","",7.00,0,0,T,"E",2,"","",0,"",F,F,"D","TIF","B","","",""
"TIInventarioFisicoDetalle","Detalle de inventario físico","Inventario físico detalle","","",7.00,0,0,T,"E",2,"","",0,"",F,F,"","FIT","B","","",""
"TIInventarioFisicoDetalleTmp","Detalle de inventario físico temporal","Detalles de inventarios físicos temporal","","",7.00,0,0,F,"E",2,"","",0,"",F,F,"","FTT","I","","",""
"TIPIFICACIONPRODUCCION1","Tipificación de producción 1","Tipificación de producción 1","","",7.00,0,0,T,"E",2,"","",1,"",F,F,"","TP1","B","","",""
"TIPIFICACIONPRODUCCION2","Tipificación de producción 2","Tipificación de producción 2","","",7.00,0,0,T,"E",2,"","",1,"",F,F,"","TP2","B","","",""
"TIPOCLIENTE","Tipos de clientes","Tipos de clientes","","",7.00,0,0,T,"E",2,"","",0,"",F,F,"BCD","TCL","B","","",""
"TIPODECOMPROBANTEDECOMPRA","Tipo de comprobante de compra","Tipo de comprobante","","",7.00,0,0,T,"E",2,"","",0,"",F,F,"","TCC","B","","",""
"TIPODEDIRECCION","Tipos de dirección","Tipos de dirección","","",7.00,0,0,T,"E",2,"","",0,"",F,F,"BCD","TDD","B","","",""
"TIPODEOPERACIONAFIP","Tipos de operación","Tipos de operación","","",7.00,0,0,T,"E",2,"","",0,"ORGANIZACION",F,F,"BCD","TOA","B","","",""
"TIPODEORDEN","Tipo de orden","Tipo de orden","","",7.00,0,0,T,"E",2,"","",0,"",F,F,"","TDO","B","","",""
"TIPOIMPUESTO","Tipos de impuesto","Tipos de impuesto","","",7.00,0,0,T,"E",2,"","",0,"",F,F,"BT","TIM","B","","",""
"TIQUETDECAMBIO","Comprobante para cambio","Comprobante para cambio","","",7.00,0,0,F,"E",2,"","",0,"",F,F,"D","TDC","SUIOPTQDGHJKLMN","","",""
"TRANSFERENCIAENTRECUENTAS","Transferencia entre cuentas bancarias","Transferencia entre cuentas bancarias","","",7.00,0,0,T,"E",2,"","",0,"",F,F,"D","TEC","B","","",""
"TRANSPORTISTA","Transportistas","Transportistas","","",7.00,0,0,T,"E",2,"","",1,"",F,F,"BTD","TRA","B","","",""
"TRATAMIENTOCOMPROBANTES","Tratamiento de comprobantes fiscales","Tratamiento de comprobantes fiscales","","",7.00,0,0,T,"E",2,"","",0,"",F,F,"","TCO","B","","",""
"Talonario","Talonario","Talonario","","",0.00,0,0,T,"E",2,"","",0,"",F,F,"T","046","B","","",""
"TipoArchivoExportacion","Tipo de archivo de exportación","Tipo de archivo de exportación","","",7.00,0,0,F,"E",2,"","",0,"ORGANIZACION",F,F,"B","THE","B","","",""
"TipoArchivoImportacion","Tipo de archivo de importación","Tipo de archivo de importación","","",7.00,0,0,F,"E",2,"","",0,"ORGANIZACION",F,F,"B","THI","B","","",""
"TipoAreaExportacion","Tipos de área para exportación/importación","Tipos de área para exportación/importación","","",7.00,0,0,F,"E",2,"","",0,"ORGANIZACION",F,F,"B","TAE","B","","",""
"TipoAtributosExportacion","Tipo de atributo para exportación/importación","Tipo de atributo para exportación/importación","","",7.00,0,0,F,"E",2,"","",0,"ORGANIZACION",F,F,"B","TBE","B","","",""
"TipoRegistroExportacion","Tipo de registro de exportación/importación","Tipo de registro de exportación/importación","","",7.00,0,0,F,"E",2,"","",0,"ORGANIZACION",F,F,"B","TRE","B","","",""
"Tipoareaimpresion","Tipo de área de impresión","Tipo de área de impresión","","",7.00,0,0,F,"E",2,"","",1,"",F,F,"TB","ARE","B","","",""
"Tipoatributoimpresion","Tipo de atributo de impresión","Tipo de atributo de impresión","","",7.00,0,0,F,"E",2,"","",1,"",F,F,"TB","ATR","B","","",""
"UNIDADDEMEDIDAAFIP","Unidad de medida AFIP","Unidades de medida AFIP","","",7.00,0,0,T,"E",2,"","",0,"",F,F,"BC","EUM","B","","",""
"UnidadDeMedida","Unidad de medida","Unidades de medida","","",7.00,0,0,T,"E",2,"","",0,"",F,F,"BC","UDM","B","","",""
"UnidadDeMedidaARBA","Unidad de medida ARBA","Unidades de medida ARBA","","",7.00,0,0,T,"E",2,"","",0,"",F,F,"BC","UMA","B","","",""
"VALOR","Valores","Valores","","clcod != ''",7.00,0,0,T,"E",2,"","",1,"",F,F,"BTD","006","B","","",""
"VALORESENTRANSITO","Valores en tránsito","Valores en tránsito","","",7.00,0,0,T,"E",2,"","",1,"",T,F,"TXBCD","VTR","B","This.ObtenerNombre() + " " + transform( This.Numero, "@LZ 99999999" )","",""
"VENDEDOR","Vendedores","Vendedores","","",7.00,0,0,T,"E",2,"","",1,"",F,F,"BTD","007","B","","",""
"VENDEDORENCOMPROBANTE","Vendedor","Vendedor","","",7.00,0,0,T,"E",2,"","",0,"",F,F,"","VEC","B","","",""
"ValeDeCambio","Vale de cambio - GiftCard","Vale de cambio - GiftCard","","",7.00,0,0,T,"E",2,"","",0,"",F,F,"","VCB","B","","",""
"WEBHOOK","Servicio Webhook","Servicio Webhook","","",7.00,0,0,T,"E",2,"","",1,"ORGANIZACION",F,F,"BTD","WHK","B","","",""
"ZUDESCARGALAN","Actualizaciones para servidor de red","Actualizaciones para servidor de red","","",7.00,0,0,T,"E",2,"","",0,"ORGANIZACION",F,F,"","LAN","B","","",""
